fixture_id,home_team,home_team_id,away_team_name,away_team_id,date,time,home_winner,away_winner,home_tie,away_tie,home_goals,away_goals,league_id,league_name,league_season,round
710556,Brentford,55,Arsenal,42,2021-08-13,19:00:00,True,False,False,False,2,0,39,Premier League,2021,Regular Season - 1
710561,Manchester United,33,Leeds,63,2021-08-14,11:30:00,True,False,False,False,5,1,39,Premier League,2021,Regular Season - 1
710565,Watford,38,Aston Villa,66,2021-08-14,14:00:00,True,False,False,False,3,2,39,Premier League,2021,Regular Season - 1
710557,Burnley,44,Brighton,51,2021-08-14,14:00:00,False,True,False,False,1,2,39,Premier League,2021,Regular Season - 1
710559,Everton,45,Southampton,41,2021-08-14,14:00:00,True,False,False,False,3,1,39,Premier League,2021,Regular Season - 1
710560,Leicester,46,Wolves,39,2021-08-14,14:00:00,True,False,False,False,1,0,39,Premier League,2021,Regular Season - 1
710558,Chelsea,49,Crystal Palace,52,2021-08-14,14:00:00,True,False,False,False,3,0,39,Premier League,2021,Regular Season - 1
710563,Norwich,71,Liverpool,40,2021-08-14,16:30:00,False,True,False,False,0,3,39,Premier League,2021,Regular Season - 1
710562,Newcastle,34,West Ham,48,2021-08-15,13:00:00,False,True,False,False,2,4,39,Premier League,2021,Regular Season - 1
710564,Tottenham,47,Manchester City,50,2021-08-15,15:30:00,True,False,False,False,1,0,39,Premier League,2021,Regular Season - 1
710571,Liverpool,40,Burnley,44,2021-08-21,11:30:00,True,False,False,False,2,0,39,Premier League,2021,Regular Season - 2
710572,Manchester City,50,Norwich,71,2021-08-21,14:00:00,True,False,False,False,5,0,39,Premier League,2021,Regular Season - 2
710569,Crystal Palace,52,Brentford,55,2021-08-21,14:00:00,False,False,True,True,0,0,39,Premier League,2021,Regular Season - 2
710570,Leeds,63,Everton,45,2021-08-21,14:00:00,False,False,True,True,2,2,39,Premier League,2021,Regular Season - 2
710567,Aston Villa,66,Newcastle,34,2021-08-21,14:00:00,True,False,False,False,2,0,39,Premier League,2021,Regular Season - 2
710568,Brighton,51,Watford,38,2021-08-21,16:30:00,True,False,False,False,2,0,39,Premier League,2021,Regular Season - 2
710575,Wolves,39,Tottenham,47,2021-08-22,13:00:00,False,True,False,False,0,1,39,Premier League,2021,Regular Season - 2
710573,Southampton,41,Manchester United,33,2021-08-22,13:00:00,False,False,True,True,1,1,39,Premier League,2021,Regular Season - 2
710566,Arsenal,42,Chelsea,49,2021-08-22,15:30:00,False,True,False,False,0,2,39,Premier League,2021,Regular Season - 2
710574,West Ham,48,Leicester,46,2021-08-23,19:00:00,True,False,False,False,4,1,39,Premier League,2021,Regular Season - 2
710580,Manchester City,50,Arsenal,42,2021-08-28,11:30:00,True,False,False,False,5,0,39,Premier League,2021,Regular Season - 3
710581,Newcastle,34,Southampton,41,2021-08-28,14:00:00,False,False,True,True,2,2,39,Premier League,2021,Regular Season - 3
710584,West Ham,48,Crystal Palace,52,2021-08-28,14:00:00,False,False,True,True,2,2,39,Premier League,2021,Regular Season - 3
710577,Brighton,51,Everton,45,2021-08-28,14:00:00,False,True,False,False,0,2,39,Premier League,2021,Regular Season - 3
710576,Aston Villa,66,Brentford,55,2021-08-28,14:00:00,False,False,True,True,1,1,39,Premier League,2021,Regular Season - 3
710582,Norwich,71,Leicester,46,2021-08-28,14:00:00,False,True,False,False,1,2,39,Premier League,2021,Regular Season - 3
710579,Liverpool,40,Chelsea,49,2021-08-28,16:30:00,False,False,True,True,1,1,39,Premier League,2021,Regular Season - 3
710578,Burnley,44,Leeds,63,2021-08-29,13:00:00,False,False,True,True,1,1,39,Premier League,2021,Regular Season - 3
710583,Tottenham,47,Watford,38,2021-08-29,13:00:00,True,False,False,False,1,0,39,Premier League,2021,Regular Season - 3
710585,Wolves,39,Manchester United,33,2021-08-29,15:30:00,False,True,False,False,0,1,39,Premier League,2021,Regular Season - 3
710589,Crystal Palace,52,Tottenham,47,2021-09-11,11:30:00,True,False,False,False,3,0,39,Premier League,2021,Regular Season - 4
710593,Manchester United,33,Newcastle,34,2021-09-11,14:00:00,True,False,False,False,4,1,39,Premier League,2021,Regular Season - 4
710595,Watford,38,Wolves,39,2021-09-11,14:00:00,False,True,False,False,0,2,39,Premier League,2021,Regular Season - 4
710594,Southampton,41,West Ham,48,2021-09-11,14:00:00,False,False,True,True,0,0,39,Premier League,2021,Regular Season - 4
710586,Arsenal,42,Norwich,71,2021-09-11,14:00:00,True,False,False,False,1,0,39,Premier League,2021,Regular Season - 4
710592,Leicester,46,Manchester City,50,2021-09-11,14:00:00,False,True,False,False,0,1,39,Premier League,2021,Regular Season - 4
710587,Brentford,55,Brighton,51,2021-09-11,14:00:00,False,True,False,False,0,1,39,Premier League,2021,Regular Season - 4
710588,Chelsea,49,Aston Villa,66,2021-09-11,16:30:00,True,False,False,False,3,0,39,Premier League,2021,Regular Season - 4
710591,Leeds,63,Liverpool,40,2021-09-12,15:30:00,False,True,False,False,0,3,39,Premier League,2021,Regular Season - 4
710590,Everton,45,Burnley,44,2021-09-13,19:00:00,True,False,False,False,3,1,39,Premier League,2021,Regular Season - 4
710601,Newcastle,34,Leeds,63,2021-09-17,19:00:00,False,False,True,True,1,1,39,Premier League,2021,Regular Season - 5
710605,Wolves,39,Brentford,55,2021-09-18,11:30:00,False,True,False,False,0,2,39,Premier League,2021,Regular Season - 5
710599,Liverpool,40,Crystal Palace,52,2021-09-18,14:00:00,True,False,False,False,3,0,39,Premier League,2021,Regular Season - 5
710598,Burnley,44,Arsenal,42,2021-09-18,14:00:00,False,True,False,False,0,1,39,Premier League,2021,Regular Season - 5
710600,Manchester City,50,Southampton,41,2021-09-18,14:00:00,False,False,True,True,0,0,39,Premier League,2021,Regular Season - 5
710602,Norwich,71,Watford,38,2021-09-18,14:00:00,False,True,False,False,1,3,39,Premier League,2021,Regular Season - 5
710596,Aston Villa,66,Everton,45,2021-09-18,16:30:00,True,False,False,False,3,0,39,Premier League,2021,Regular Season - 5
710604,West Ham,48,Manchester United,33,2021-09-19,13:00:00,False,True,False,False,1,2,39,Premier League,2021,Regular Season - 5
710597,Brighton,51,Leicester,46,2021-09-19,13:00:00,True,False,False,False,2,1,39,Premier League,2021,Regular Season - 5
710603,Tottenham,47,Chelsea,49,2021-09-19,15:30:00,False,True,False,False,0,3,39,Premier League,2021,Regular Season - 5
710613,Manchester United,33,Aston Villa,66,2021-09-25,11:30:00,False,True,False,False,0,1,39,Premier League,2021,Regular Season - 6
710608,Chelsea,49,Manchester City,50,2021-09-25,11:30:00,False,True,False,False,0,1,39,Premier League,2021,Regular Season - 6
710615,Watford,38,Newcastle,34,2021-09-25,14:00:00,False,False,True,True,1,1,39,Premier League,2021,Regular Season - 6
710610,Everton,45,Norwich,71,2021-09-25,14:00:00,True,False,False,False,2,0,39,Premier League,2021,Regular Season - 6
710612,Leicester,46,Burnley,44,2021-09-25,14:00:00,False,False,True,True,2,2,39,Premier League,2021,Regular Season - 6
710611,Leeds,63,West Ham,48,2021-09-25,14:00:00,False,True,False,False,1,2,39,Premier League,2021,Regular Season - 6
710607,Brentford,55,Liverpool,40,2021-09-25,16:30:00,False,False,True,True,3,3,39,Premier League,2021,Regular Season - 6
710614,Southampton,41,Wolves,39,2021-09-26,13:00:00,False,True,False,False,0,1,39,Premier League,2021,Regular Season - 6
710606,Arsenal,42,Tottenham,47,2021-09-26,15:30:00,True,False,False,False,3,1,39,Premier League,2021,Regular Season - 6
710609,Crystal Palace,52,Brighton,51,2021-09-27,19:00:00,False,False,True,True,1,1,39,Premier League,2021,Regular Season - 6
710622,Manchester United,33,Everton,45,2021-10-02,11:30:00,False,False,True,True,1,1,39,Premier League,2021,Regular Season - 7
710625,Wolves,39,Newcastle,34,2021-10-02,14:00:00,True,False,False,False,2,1,39,Premier League,2021,Regular Season - 7
710617,Burnley,44,Norwich,71,2021-10-02,14:00:00,False,False,True,True,0,0,39,Premier League,2021,Regular Season - 7
710618,Chelsea,49,Southampton,41,2021-10-02,14:00:00,True,False,False,False,3,1,39,Premier League,2021,Regular Season - 7
710620,Leeds,63,Watford,38,2021-10-02,14:00:00,True,False,False,False,1,0,39,Premier League,2021,Regular Season - 7
710616,Brighton,51,Arsenal,42,2021-10-02,16:30:00,False,False,True,True,0,0,39,Premier League,2021,Regular Season - 7
710623,Tottenham,47,Aston Villa,66,2021-10-03,13:00:00,True,False,False,False,2,1,39,Premier League,2021,Regular Season - 7
710624,West Ham,48,Brentford,55,2021-10-03,13:00:00,False,True,False,False,1,2,39,Premier League,2021,Regular Season - 7
710619,Crystal Palace,52,Leicester,46,2021-10-03,13:00:00,False,False,True,True,2,2,39,Premier League,2021,Regular Season - 7
710621,Liverpool,40,Manchester City,50,2021-10-03,15:30:00,False,False,True,True,2,2,39,Premier League,2021,Regular Season - 7
710635,Watford,38,Liverpool,40,2021-10-16,11:30:00,False,True,False,False,0,5,39,Premier League,2021,Regular Season - 8
710634,Southampton,41,Leeds,63,2021-10-16,14:00:00,True,False,False,False,1,0,39,Premier League,2021,Regular Season - 8
710630,Leicester,46,Manchester United,33,2021-10-16,14:00:00,True,False,False,False,4,2,39,Premier League,2021,Regular Season - 8
710631,Manchester City,50,Burnley,44,2021-10-16,14:00:00,True,False,False,False,2,0,39,Premier League,2021,Regular Season - 8
710627,Aston Villa,66,Wolves,39,2021-10-16,14:00:00,False,True,False,False,2,3,39,Premier League,2021,Regular Season - 8
710633,Norwich,71,Brighton,51,2021-10-16,14:00:00,False,False,True,True,0,0,39,Premier League,2021,Regular Season - 8
710628,Brentford,55,Chelsea,49,2021-10-16,16:30:00,False,True,False,False,0,1,39,Premier League,2021,Regular Season - 8
710629,Everton,45,West Ham,48,2021-10-17,13:00:00,False,True,False,False,0,1,39,Premier League,2021,Regular Season - 8
710632,Newcastle,34,Tottenham,47,2021-10-17,15:30:00,False,True,False,False,2,3,39,Premier League,2021,Regular Season - 8
710626,Arsenal,42,Crystal Palace,52,2021-10-18,19:00:00,False,False,True,True,2,2,39,Premier League,2021,Regular Season - 8
710636,Arsenal,42,Aston Villa,66,2021-10-22,19:00:00,True,False,False,False,3,1,39,Premier League,2021,Regular Season - 9
710639,Chelsea,49,Norwich,71,2021-10-23,11:30:00,True,False,False,False,7,0,39,Premier League,2021,Regular Season - 9
710644,Southampton,41,Burnley,44,2021-10-23,14:00:00,False,False,True,True,2,2,39,Premier League,2021,Regular Season - 9
710641,Everton,45,Watford,38,2021-10-23,14:00:00,False,True,False,False,2,5,39,Premier League,2021,Regular Season - 9
710640,Crystal Palace,52,Newcastle,34,2021-10-23,14:00:00,False,False,True,True,1,1,39,Premier League,2021,Regular Season - 9
710642,Leeds,63,Wolves,39,2021-10-23,14:00:00,False,False,True,True,1,1,39,Premier League,2021,Regular Season - 9
710638,Brighton,51,Manchester City,50,2021-10-23,16:30:00,False,True,False,False,1,4,39,Premier League,2021,Regular Season - 9
710645,West Ham,48,Tottenham,47,2021-10-24,13:00:00,True,False,False,False,1,0,39,Premier League,2021,Regular Season - 9
710637,Brentford,55,Leicester,46,2021-10-24,13:00:00,False,True,False,False,1,2,39,Premier League,2021,Regular Season - 9
710643,Manchester United,33,Liverpool,40,2021-10-24,15:30:00,False,True,False,False,0,5,39,Premier League,2021,Regular Season - 9
710648,Leicester,46,Arsenal,42,2021-10-30,11:30:00,False,True,False,False,0,2,39,Premier League,2021,Regular Season - 10
710651,Newcastle,34,Chelsea,49,2021-10-30,14:00:00,False,True,False,False,0,3,39,Premier League,2021,Regular Season - 10
710654,Watford,38,Southampton,41,2021-10-30,14:00:00,False,True,False,False,0,1,39,Premier League,2021,Regular Season - 10
710649,Liverpool,40,Brighton,51,2021-10-30,14:00:00,False,False,True,True,2,2,39,Premier League,2021,Regular Season - 10
710647,Burnley,44,Brentford,55,2021-10-30,14:00:00,True,False,False,False,3,1,39,Premier League,2021,Regular Season - 10
710650,Manchester City,50,Crystal Palace,52,2021-10-30,14:00:00,False,True,False,False,0,2,39,Premier League,2021,Regular Season - 10
710653,Tottenham,47,Manchester United,33,2021-10-30,16:30:00,False,True,False,False,0,3,39,Premier League,2021,Regular Season - 10
710652,Norwich,71,Leeds,63,2021-10-31,14:00:00,False,True,False,False,1,2,39,Premier League,2021,Regular Season - 10
710646,Aston Villa,66,West Ham,48,2021-10-31,16:30:00,False,True,False,False,1,4,39,Premier League,2021,Regular Season - 10
710655,Wolves,39,Everton,45,2021-11-01,20:00:00,True,False,False,False,2,1,39,Premier League,2021,Regular Season - 10
710664,Southampton,41,Aston Villa,66,2021-11-05,20:00:00,True,False,False,False,1,0,39,Premier League,2021,Regular Season - 11
710663,Manchester United,33,Manchester City,50,2021-11-06,12:30:00,False,True,False,False,0,2,39,Premier League,2021,Regular Season - 11
710659,Chelsea,49,Burnley,44,2021-11-06,15:00:00,False,False,True,True,1,1,39,Premier League,2021,Regular Season - 11
710660,Crystal Palace,52,Wolves,39,2021-11-06,15:00:00,True,False,False,False,2,0,39,Premier League,2021,Regular Season - 11
710657,Brentford,55,Norwich,71,2021-11-06,15:00:00,False,True,False,False,1,2,39,Premier League,2021,Regular Season - 11
710658,Brighton,51,Newcastle,34,2021-11-06,17:30:00,False,False,True,True,1,1,39,Premier League,2021,Regular Season - 11
710656,Arsenal,42,Watford,38,2021-11-07,14:00:00,True,False,False,False,1,0,39,Premier League,2021,Regular Season - 11
710661,Everton,45,Tottenham,47,2021-11-07,14:00:00,False,False,True,True,0,0,39,Premier League,2021,Regular Season - 11
710662,Leeds,63,Leicester,46,2021-11-07,14:00:00,False,False,True,True,1,1,39,Premier League,2021,Regular Season - 11
710665,West Ham,48,Liverpool,40,2021-11-07,16:30:00,True,False,False,False,3,2,39,Premier League,2021,Regular Season - 11
710668,Leicester,46,Chelsea,49,2021-11-20,12:30:00,False,True,False,False,0,3,39,Premier League,2021,Regular Season - 12
710671,Newcastle,34,Brentford,55,2021-11-20,15:00:00,False,False,True,True,3,3,39,Premier League,2021,Regular Season - 12
710674,Watford,38,Manchester United,33,2021-11-20,15:00:00,True,False,False,False,4,1,39,Premier League,2021,Regular Season - 12
710675,Wolves,39,West Ham,48,2021-11-20,15:00:00,True,False,False,False,1,0,39,Premier League,2021,Regular Season - 12
710667,Burnley,44,Crystal Palace,52,2021-11-20,15:00:00,False,False,True,True,3,3,39,Premier League,2021,Regular Season - 12
710666,Aston Villa,66,Brighton,51,2021-11-20,15:00:00,True,False,False,False,2,0,39,Premier League,2021,Regular Season - 12
710672,Norwich,71,Southampton,41,2021-11-20,15:00:00,True,False,False,False,2,1,39,Premier League,2021,Regular Season - 12
710669,Liverpool,40,Arsenal,42,2021-11-20,17:30:00,True,False,False,False,4,0,39,Premier League,2021,Regular Season - 12
710670,Manchester City,50,Everton,45,2021-11-21,14:00:00,True,False,False,False,3,0,39,Premier League,2021,Regular Season - 12
710673,Tottenham,47,Leeds,63,2021-11-21,16:30:00,True,False,False,False,2,1,39,Premier League,2021,Regular Season - 12
710676,Arsenal,42,Newcastle,34,2021-11-27,12:30:00,True,False,False,False,2,0,39,Premier League,2021,Regular Season - 13
710683,Liverpool,40,Southampton,41,2021-11-27,15:00:00,True,False,False,False,4,0,39,Premier League,2021,Regular Season - 13
710681,Crystal Palace,52,Aston Villa,66,2021-11-27,15:00:00,False,True,False,False,1,2,39,Premier League,2021,Regular Season - 13
710685,Norwich,71,Wolves,39,2021-11-27,15:00:00,False,False,True,True,0,0,39,Premier League,2021,Regular Season - 13
710678,Brighton,51,Leeds,63,2021-11-27,17:30:00,False,False,True,True,0,0,39,Premier League,2021,Regular Season - 13
710682,Leicester,46,Watford,38,2021-11-28,14:00:00,True,False,False,False,4,2,39,Premier League,2021,Regular Season - 13
710684,Manchester City,50,West Ham,48,2021-11-28,14:00:00,True,False,False,False,2,1,39,Premier League,2021,Regular Season - 13
710677,Brentford,55,Everton,45,2021-11-28,14:00:00,True,False,False,False,1,0,39,Premier League,2021,Regular Season - 13
710680,Chelsea,49,Manchester United,33,2021-11-28,16:30:00,False,False,True,True,1,1,39,Premier League,2021,Regular Season - 13
710693,Newcastle,34,Norwich,71,2021-11-30,19:30:00,False,False,True,True,1,1,39,Premier League,2021,Regular Season - 14
710688,Leeds,63,Crystal Palace,52,2021-11-30,20:15:00,True,False,False,False,1,0,39,Premier League,2021,Regular Season - 14
710689,Watford,38,Chelsea,49,2021-12-01,19:30:00,False,True,False,False,1,2,39,Premier League,2021,Regular Season - 14
710691,Wolves,39,Burnley,44,2021-12-01,19:30:00,False,False,True,True,0,0,39,Premier League,2021,Regular Season - 14
710694,Southampton,41,Leicester,46,2021-12-01,19:30:00,False,False,True,True,2,2,39,Premier League,2021,Regular Season - 14
710690,West Ham,48,Brighton,51,2021-12-01,19:30:00,False,False,True,True,1,1,39,Premier League,2021,Regular Season - 14
710687,Everton,45,Liverpool,40,2021-12-01,20:15:00,False,True,False,False,1,4,39,Premier League,2021,Regular Season - 14
710686,Aston Villa,66,Manchester City,50,2021-12-01,20:15:00,False,True,False,False,1,2,39,Premier League,2021,Regular Season - 14
710695,Tottenham,47,Brentford,55,2021-12-02,19:30:00,True,False,False,False,2,0,39,Premier League,2021,Regular Season - 14
710692,Manchester United,33,Arsenal,42,2021-12-02,20:15:00,True,False,False,False,3,2,39,Premier League,2021,Regular Season - 14
710704,West Ham,48,Chelsea,49,2021-12-04,12:30:00,True,False,False,False,3,2,39,Premier League,2021,Regular Season - 15
710700,Newcastle,34,Burnley,44,2021-12-04,15:00:00,True,False,False,False,1,0,39,Premier League,2021,Regular Season - 15
710705,Wolves,39,Liverpool,40,2021-12-04,15:00:00,False,True,False,False,0,1,39,Premier League,2021,Regular Season - 15
710701,Southampton,41,Brighton,51,2021-12-04,15:00:00,False,False,True,True,1,1,39,Premier League,2021,Regular Season - 15
710703,Watford,38,Manchester City,50,2021-12-04,17:30:00,False,True,False,False,1,3,39,Premier League,2021,Regular Season - 15
710699,Manchester United,33,Crystal Palace,52,2021-12-05,14:00:00,True,False,False,False,1,0,39,Premier League,2021,Regular Season - 15
710702,Tottenham,47,Norwich,71,2021-12-05,14:00:00,True,False,False,False,3,0,39,Premier League,2021,Regular Season - 15
710698,Leeds,63,Brentford,55,2021-12-05,14:00:00,False,False,True,True,2,2,39,Premier League,2021,Regular Season - 15
710696,Aston Villa,66,Leicester,46,2021-12-05,16:30:00,True,False,False,False,2,1,39,Premier League,2021,Regular Season - 15
710697,Everton,45,Arsenal,42,2021-12-06,20:00:00,True,False,False,False,2,1,39,Premier League,2021,Regular Season - 15
710707,Brentford,55,Watford,38,2021-12-10,20:00:00,True,False,False,False,2,1,39,Premier League,2021,Regular Season - 16
710714,Manchester City,50,Wolves,39,2021-12-11,12:30:00,True,False,False,False,1,0,39,Premier League,2021,Regular Season - 16
710713,Liverpool,40,Aston Villa,66,2021-12-11,15:00:00,True,False,False,False,1,0,39,Premier League,2021,Regular Season - 16
710706,Arsenal,42,Southampton,41,2021-12-11,15:00:00,True,False,False,False,3,0,39,Premier League,2021,Regular Season - 16
710710,Chelsea,49,Leeds,63,2021-12-11,15:00:00,True,False,False,False,3,2,39,Premier League,2021,Regular Season - 16
710715,Norwich,71,Manchester United,33,2021-12-11,17:30:00,False,True,False,False,0,1,39,Premier League,2021,Regular Season - 16
710709,Burnley,44,West Ham,48,2021-12-12,14:00:00,False,False,True,True,0,0,39,Premier League,2021,Regular Season - 16
710712,Leicester,46,Newcastle,34,2021-12-12,14:00:00,True,False,False,False,4,0,39,Premier League,2021,Regular Season - 16
710711,Crystal Palace,52,Everton,45,2021-12-12,16:30:00,True,False,False,False,3,1,39,Premier League,2021,Regular Season - 16
710721,Norwich,71,Aston Villa,66,2021-12-14,19:45:00,False,True,False,False,0,2,39,Premier League,2021,Regular Season - 17
710725,Manchester City,50,Leeds,63,2021-12-14,20:00:00,True,False,False,False,7,0,39,Premier League,2021,Regular Season - 17
710718,Brighton,51,Wolves,39,2021-12-15,19:30:00,False,True,False,False,0,1,39,Premier League,2021,Regular Season - 17
710722,Crystal Palace,52,Southampton,41,2021-12-15,19:30:00,False,False,True,True,2,2,39,Premier League,2021,Regular Season - 17
710716,Arsenal,42,West Ham,48,2021-12-15,20:00:00,True,False,False,False,2,0,39,Premier League,2021,Regular Season - 17
710723,Chelsea,49,Everton,45,2021-12-16,19:45:00,False,False,True,True,1,1,39,Premier League,2021,Regular Season - 17
710724,Liverpool,40,Newcastle,34,2021-12-16,20:00:00,True,False,False,False,3,1,39,Premier League,2021,Regular Season - 17
710728,Leeds,63,Arsenal,42,2021-12-18,17:30:00,False,True,False,False,1,4,39,Premier League,2021,Regular Season - 18
710730,Newcastle,34,Manchester City,50,2021-12-19,14:00:00,False,True,False,False,0,4,39,Premier League,2021,Regular Season - 18
710735,Wolves,39,Chelsea,49,2021-12-19,14:00:00,False,False,True,True,0,0,39,Premier League,2021,Regular Season - 18
710732,Tottenham,47,Liverpool,40,2021-12-19,16:30:00,False,False,True,True,2,2,39,Premier League,2021,Regular Season - 18
710743,Tottenham,47,Crystal Palace,52,2021-12-26,15:00:00,True,False,False,False,3,0,39,Premier League,2021,Regular Season - 19
710744,West Ham,48,Southampton,41,2021-12-26,15:00:00,False,True,False,False,2,3,39,Premier League,2021,Regular Season - 19
710740,Manchester City,50,Leicester,46,2021-12-26,15:00:00,True,False,False,False,6,3,39,Premier League,2021,Regular Season - 19
710742,Norwich,71,Arsenal,42,2021-12-26,15:00:00,False,True,False,False,0,5,39,Premier League,2021,Regular Season - 19
710736,Aston Villa,66,Chelsea,49,2021-12-26,17:30:00,False,True,False,False,1,3,39,Premier League,2021,Regular Season - 19
710737,Brighton,51,Brentford,55,2021-12-26,20:00:00,True,False,False,False,2,0,39,Premier League,2021,Regular Season - 19
710741,Newcastle,34,Manchester United,33,2021-12-27,20:00:00,False,False,True,True,1,1,39,Premier League,2021,Regular Season - 19
710755,Watford,38,West Ham,48,2021-12-28,15:00:00,False,True,False,False,1,4,39,Premier League,2021,Regular Season - 20
710754,Southampton,41,Tottenham,47,2021-12-28,15:00:00,False,False,True,True,1,1,39,Premier League,2021,Regular Season - 20
710749,Crystal Palace,52,Norwich,71,2021-12-28,15:00:00,True,False,False,False,3,0,39,Premier League,2021,Regular Season - 20
710752,Leicester,46,Liverpool,40,2021-12-28,20:00:00,True,False,False,False,1,0,39,Premier League,2021,Regular Season - 20
710748,Chelsea,49,Brighton,51,2021-12-29,19:30:00,False,False,True,True,1,1,39,Premier League,2021,Regular Season - 20
710747,Brentford,55,Manchester City,50,2021-12-29,20:15:00,False,True,False,False,0,1,39,Premier League,2021,Regular Season - 20
710753,Manchester United,33,Burnley,44,2021-12-30,20:15:00,True,False,False,False,3,1,39,Premier League,2021,Regular Season - 20
710756,Arsenal,42,Manchester City,50,2022-01-01,12:30:00,False,True,False,False,1,2,39,Premier League,2021,Regular Season - 21
710765,Watford,38,Tottenham,47,2022-01-01,15:00:00,False,True,False,False,0,1,39,Premier League,2021,Regular Season - 21
710759,Crystal Palace,52,West Ham,48,2022-01-01,17:30:00,False,True,False,False,2,3,39,Premier League,2021,Regular Season - 21
710760,Everton,45,Brighton,51,2022-01-02,14:00:00,False,True,False,False,2,3,39,Premier League,2021,Regular Season - 21
710757,Brentford,55,Aston Villa,66,2022-01-02,14:00:00,True,False,False,False,2,1,39,Premier League,2021,Regular Season - 21
710761,Leeds,63,Burnley,44,2022-01-02,14:00:00,True,False,False,False,3,1,39,Premier League,2021,Regular Season - 21
710758,Chelsea,49,Liverpool,40,2022-01-02,16:30:00,False,False,True,True,2,2,39,Premier League,2021,Regular Season - 21
710763,Manchester United,33,Wolves,39,2022-01-03,17:30:00,False,True,False,False,0,1,39,Premier League,2021,Regular Season - 21
710731,Southampton,41,Brentford,55,2022-01-11,19:45:00,True,False,False,False,4,1,39,Premier League,2021,Regular Season - 18
710734,West Ham,48,Norwich,71,2022-01-12,19:45:00,True,False,False,False,2,0,39,Premier League,2021,Regular Season - 18
710767,Brighton,51,Crystal Palace,52,2022-01-14,20:00:00,False,False,True,True,1,1,39,Premier League,2021,Regular Season - 22
710770,Manchester City,50,Chelsea,49,2022-01-15,12:30:00,True,False,False,False,1,0,39,Premier League,2021,Regular Season - 22
710771,Newcastle,34,Watford,38,2022-01-15,15:00:00,False,False,True,True,1,1,39,Premier League,2021,Regular Season - 22
710775,Wolves,39,Southampton,41,2022-01-15,15:00:00,True,False,False,False,3,1,39,Premier League,2021,Regular Season - 22
710772,Norwich,71,Everton,45,2022-01-15,15:00:00,True,False,False,False,2,1,39,Premier League,2021,Regular Season - 22
710766,Aston Villa,66,Manchester United,33,2022-01-15,17:30:00,False,False,True,True,2,2,39,Premier League,2021,Regular Season - 22
710769,Liverpool,40,Brentford,55,2022-01-16,14:00:00,True,False,False,False,3,0,39,Premier League,2021,Regular Season - 22
710774,West Ham,48,Leeds,63,2022-01-16,14:00:00,False,True,False,False,2,3,39,Premier League,2021,Regular Season - 22
710787,Brighton,51,Chelsea,49,2022-01-18,20:00:00,False,False,True,True,1,1,39,Premier League,2021,Regular Season - 24
710720,Leicester,46,Tottenham,47,2022-01-19,19:30:00,False,True,False,False,2,3,39,Premier League,2021,Regular Season - 17
710717,Brentford,55,Manchester United,33,2022-01-19,20:00:00,False,True,False,False,1,3,39,Premier League,2021,Regular Season - 17
710785,Watford,38,Norwich,71,2022-01-21,20:00:00,False,True,False,False,0,3,39,Premier League,2021,Regular Season - 23
710780,Everton,45,Aston Villa,66,2022-01-22,12:30:00,False,True,False,False,0,1,39,Premier League,2021,Regular Season - 23
710783,Manchester United,33,West Ham,48,2022-01-22,15:00:00,True,False,False,False,1,0,39,Premier League,2021,Regular Season - 23
710777,Brentford,55,Wolves,39,2022-01-22,15:00:00,False,True,False,False,1,2,39,Premier League,2021,Regular Season - 23
710781,Leeds,63,Newcastle,34,2022-01-22,15:00:00,False,True,False,False,0,1,39,Premier League,2021,Regular Season - 23
710784,Southampton,41,Manchester City,50,2022-01-22,17:30:00,False,False,True,True,1,1,39,Premier League,2021,Regular Season - 23
710776,Arsenal,42,Burnley,44,2022-01-23,14:00:00,False,False,True,True,0,0,39,Premier League,2021,Regular Season - 23
710782,Leicester,46,Brighton,51,2022-01-23,14:00:00,False,False,True,True,1,1,39,Premier League,2021,Regular Season - 23
710779,Crystal Palace,52,Liverpool,40,2022-01-23,14:00:00,False,True,False,False,1,3,39,Premier League,2021,Regular Season - 23
710778,Chelsea,49,Tottenham,47,2022-01-23,16:30:00,True,False,False,False,2,0,39,Premier League,2021,Regular Season - 23
710719,Burnley,44,Watford,38,2022-02-05,18:00:00,False,False,True,True,0,0,39,Premier League,2021,Regular Season - 17
710792,Newcastle,34,Everton,45,2022-02-08,19:45:00,True,False,False,False,3,1,39,Premier League,2021,Regular Season - 24
710790,West Ham,48,Watford,38,2022-02-08,19:45:00,True,False,False,False,1,0,39,Premier League,2021,Regular Season - 24
710788,Burnley,44,Manchester United,33,2022-02-08,20:00:00,False,False,True,True,1,1,39,Premier League,2021,Regular Season - 24
710793,Tottenham,47,Southampton,41,2022-02-09,19:45:00,False,True,False,False,2,3,39,Premier League,2021,Regular Season - 24
710795,Manchester City,50,Brentford,55,2022-02-09,19:45:00,True,False,False,False,2,0,39,Premier League,2021,Regular Season - 24
710789,Norwich,71,Crystal Palace,52,2022-02-09,19:45:00,False,False,True,True,1,1,39,Premier League,2021,Regular Season - 24
710786,Aston Villa,66,Leeds,63,2022-02-09,20:00:00,False,False,True,True,3,3,39,Premier League,2021,Regular Season - 24
710791,Wolves,39,Arsenal,42,2022-02-10,19:45:00,False,True,False,False,0,1,39,Premier League,2021,Regular Season - 24
710794,Liverpool,40,Leicester,46,2022-02-10,19:45:00,True,False,False,False,2,0,39,Premier League,2021,Regular Season - 24
710801,Manchester United,33,Southampton,41,2022-02-12,12:30:00,False,False,True,True,1,1,39,Premier League,2021,Regular Season - 25
710805,Watford,38,Brighton,51,2022-02-12,15:00:00,False,True,False,False,0,2,39,Premier League,2021,Regular Season - 25
710799,Everton,45,Leeds,63,2022-02-12,15:00:00,True,False,False,False,3,0,39,Premier League,2021,Regular Season - 25
710796,Brentford,55,Crystal Palace,52,2022-02-12,15:00:00,False,False,True,True,0,0,39,Premier League,2021,Regular Season - 25
710803,Norwich,71,Manchester City,50,2022-02-12,17:30:00,False,True,False,False,0,4,39,Premier League,2021,Regular Season - 25
710802,Newcastle,34,Aston Villa,66,2022-02-13,14:00:00,True,False,False,False,1,0,39,Premier League,2021,Regular Season - 25
710797,Burnley,44,Liverpool,40,2022-02-13,14:00:00,False,True,False,False,0,1,39,Premier League,2021,Regular Season - 25
710804,Tottenham,47,Wolves,39,2022-02-13,14:00:00,False,True,False,False,0,2,39,Premier League,2021,Regular Season - 25
710800,Leicester,46,West Ham,48,2022-02-13,16:30:00,False,False,True,True,2,2,39,Premier League,2021,Regular Season - 25
710729,Manchester United,33,Brighton,51,2022-02-15,20:15:00,True,False,False,False,2,0,39,Premier League,2021,Regular Season - 18
710814,West Ham,48,Newcastle,34,2022-02-19,12:30:00,False,False,True,True,1,1,39,Premier League,2021,Regular Season - 26
710811,Liverpool,40,Norwich,71,2022-02-19,15:00:00,True,False,False,False,3,1,39,Premier League,2021,Regular Season - 26
710813,Southampton,41,Everton,45,2022-02-19,15:00:00,True,False,False,False,2,0,39,Premier League,2021,Regular Season - 26
710806,Arsenal,42,Brentford,55,2022-02-19,15:00:00,True,False,False,False,2,1,39,Premier League,2021,Regular Season - 26
710808,Brighton,51,Burnley,44,2022-02-19,15:00:00,False,True,False,False,0,3,39,Premier League,2021,Regular Season - 26
710809,Crystal Palace,52,Chelsea,49,2022-02-19,15:00:00,False,True,False,False,0,1,39,Premier League,2021,Regular Season - 26
710807,Aston Villa,66,Watford,38,2022-02-19,15:00:00,False,True,False,False,0,1,39,Premier League,2021,Regular Season - 26
710812,Manchester City,50,Tottenham,47,2022-02-19,17:30:00,False,True,False,False,2,3,39,Premier League,2021,Regular Season - 26
710810,Leeds,63,Manchester United,33,2022-02-20,14:00:00,False,True,False,False,2,4,39,Premier League,2021,Regular Season - 26
710815,Wolves,39,Leicester,46,2022-02-20,16:30:00,True,False,False,False,2,1,39,Premier League,2021,Regular Season - 26
710733,Watford,38,Crystal Palace,52,2022-02-23,19:30:00,False,True,False,False,1,4,39,Premier League,2021,Regular Season - 18
710679,Burnley,44,Tottenham,47,2022-02-23,19:30:00,True,False,False,False,1,0,39,Premier League,2021,Regular Season - 13
710739,Liverpool,40,Leeds,63,2022-02-23,19:45:00,True,False,False,False,6,0,39,Premier League,2021,Regular Season - 19
710746,Arsenal,42,Wolves,39,2022-02-24,19:45:00,True,False,False,False,2,1,39,Premier League,2021,Regular Season - 20
710824,Southampton,41,Norwich,71,2022-02-25,20:00:00,True,False,False,False,2,0,39,Premier League,2021,Regular Season - 27
710822,Leeds,63,Tottenham,47,2022-02-26,12:30:00,False,True,False,False,0,4,39,Premier League,2021,Regular Season - 27
710823,Manchester United,33,Watford,38,2022-02-26,15:00:00,False,False,True,True,0,0,39,Premier League,2021,Regular Season - 27
710820,Crystal Palace,52,Burnley,44,2022-02-26,15:00:00,False,False,True,True,1,1,39,Premier League,2021,Regular Season - 27
710817,Brentford,55,Newcastle,34,2022-02-26,15:00:00,False,True,False,False,0,2,39,Premier League,2021,Regular Season - 27
710818,Brighton,51,Aston Villa,66,2022-02-26,15:30:00,False,True,False,False,0,2,39,Premier League,2021,Regular Season - 27
710821,Everton,45,Manchester City,50,2022-02-26,17:30:00,False,True,False,False,0,1,39,Premier League,2021,Regular Season - 27
710825,West Ham,48,Wolves,39,2022-02-27,14:00:00,True,False,False,False,1,0,39,Premier League,2021,Regular Season - 27
710768,Burnley,44,Leicester,46,2022-03-01,19:45:00,False,True,False,False,0,2,39,Premier League,2021,Regular Season - 22
710828,Leicester,46,Leeds,63,2022-03-05,12:30:00,True,False,False,False,1,0,39,Premier League,2021,Regular Season - 28
710831,Newcastle,34,Brighton,51,2022-03-05,15:00:00,True,False,False,False,2,1,39,Premier League,2021,Regular Season - 28
710835,Wolves,39,Crystal Palace,52,2022-03-05,15:00:00,False,True,False,False,0,2,39,Premier League,2021,Regular Season - 28
710827,Burnley,44,Chelsea,49,2022-03-05,15:00:00,False,True,False,False,0,4,39,Premier League,2021,Regular Season - 28
710826,Aston Villa,66,Southampton,41,2022-03-05,15:00:00,True,False,False,False,4,0,39,Premier League,2021,Regular Season - 28
710832,Norwich,71,Brentford,55,2022-03-05,15:00:00,False,True,False,False,1,3,39,Premier League,2021,Regular Season - 28
710829,Liverpool,40,West Ham,48,2022-03-05,17:30:00,True,False,False,False,1,0,39,Premier League,2021,Regular Season - 28
710834,Watford,38,Arsenal,42,2022-03-06,14:00:00,False,True,False,False,2,3,39,Premier League,2021,Regular Season - 28
710830,Manchester City,50,Manchester United,33,2022-03-06,16:30:00,True,False,False,False,4,1,39,Premier League,2021,Regular Season - 28
710833,Tottenham,47,Everton,45,2022-03-07,20:00:00,True,False,False,False,5,0,39,Premier League,2021,Regular Season - 28
710745,Wolves,39,Watford,38,2022-03-10,19:30:00,True,False,False,False,4,0,39,Premier League,2021,Regular Season - 19
710764,Southampton,41,Newcastle,34,2022-03-10,19:30:00,False,True,False,False,1,2,39,Premier League,2021,Regular Season - 21
710852,Norwich,71,Chelsea,49,2022-03-10,19:30:00,False,True,False,False,1,3,39,Premier League,2021,Regular Season - 30
710751,Leeds,63,Aston Villa,66,2022-03-10,19:45:00,False,True,False,False,0,3,39,Premier League,2021,Regular Season - 20
710838,Brighton,51,Liverpool,40,2022-03-12,12:30:00,False,True,False,False,0,2,39,Premier League,2021,Regular Season - 29
710837,Brentford,55,Burnley,44,2022-03-12,15:00:00,True,False,False,False,2,0,39,Premier League,2021,Regular Season - 29
710843,Manchester United,33,Tottenham,47,2022-03-12,17:30:00,True,False,False,False,3,2,39,Premier League,2021,Regular Season - 29
710844,Southampton,41,Watford,38,2022-03-13,14:00:00,False,True,False,False,1,2,39,Premier League,2021,Regular Season - 29
710841,Everton,45,Wolves,39,2022-03-13,14:00:00,False,True,False,False,0,1,39,Premier League,2021,Regular Season - 29
710845,West Ham,48,Aston Villa,66,2022-03-13,14:00:00,True,False,False,False,2,1,39,Premier League,2021,Regular Season - 29
710839,Chelsea,49,Newcastle,34,2022-03-13,14:00:00,True,False,False,False,1,0,39,Premier League,2021,Regular Season - 29
710842,Leeds,63,Norwich,71,2022-03-13,14:00:00,True,False,False,False,2,1,39,Premier League,2021,Regular Season - 29
710836,Arsenal,42,Leicester,46,2022-03-13,16:30:00,True,False,False,False,2,0,39,Premier League,2021,Regular Season - 29
710840,Crystal Palace,52,Manchester City,50,2022-03-14,20:00:00,False,False,True,True,0,0,39,Premier League,2021,Regular Season - 29
710708,Brighton,51,Tottenham,47,2022-03-16,19:30:00,False,True,False,False,0,2,39,Premier League,2021,Regular Season - 16
710816,Arsenal,42,Liverpool,40,2022-03-16,20:15:00,False,True,False,False,0,2,39,Premier League,2021,Regular Season - 27
710750,Everton,45,Newcastle,34,2022-03-17,19:45:00,True,False,False,False,1,0,39,Premier League,2021,Regular Season - 20
710855,Wolves,39,Leeds,63,2022-03-18,20:00:00,False,True,False,False,2,3,39,Premier League,2021,Regular Season - 30
710846,Aston Villa,66,Arsenal,42,2022-03-19,12:30:00,False,True,False,False,0,1,39,Premier League,2021,Regular Season - 30
710848,Leicester,46,Brentford,55,2022-03-20,14:00:00,True,False,False,False,2,1,39,Premier League,2021,Regular Season - 30
710853,Tottenham,47,West Ham,48,2022-03-20,16:30:00,True,False,False,False,3,1,39,Premier League,2021,Regular Season - 30
710861,Liverpool,40,Watford,38,2022-04-02,11:30:00,True,False,False,False,2,0,39,Premier League,2021,Regular Season - 31
710865,Wolves,39,Aston Villa,66,2022-04-02,14:00:00,True,False,False,False,2,1,39,Premier League,2021,Regular Season - 31
710857,Burnley,44,Manchester City,50,2022-04-02,14:00:00,False,True,False,False,0,2,39,Premier League,2021,Regular Season - 31
710858,Chelsea,49,Brentford,55,2022-04-02,14:00:00,False,True,False,False,1,4,39,Premier League,2021,Regular Season - 31
710856,Brighton,51,Norwich,71,2022-04-02,14:00:00,False,False,True,True,0,0,39,Premier League,2021,Regular Season - 31
710860,Leeds,63,Southampton,41,2022-04-02,14:00:00,False,False,True,True,1,1,39,Premier League,2021,Regular Season - 31
710862,Manchester United,33,Leicester,46,2022-04-02,16:30:00,False,False,True,True,1,1,39,Premier League,2021,Regular Season - 31
710864,West Ham,48,Everton,45,2022-04-03,13:00:00,True,False,False,False,2,1,39,Premier League,2021,Regular Season - 31
710863,Tottenham,47,Newcastle,34,2022-04-03,15:30:00,True,False,False,False,5,1,39,Premier League,2021,Regular Season - 31
710859,Crystal Palace,52,Arsenal,42,2022-04-04,19:00:00,True,False,False,False,3,0,39,Premier League,2021,Regular Season - 31
710738,Burnley,44,Everton,45,2022-04-06,18:30:00,True,False,False,False,3,2,39,Premier League,2021,Regular Season - 19
710872,Newcastle,34,Wolves,39,2022-04-08,19:00:00,True,False,False,False,1,0,39,Premier League,2021,Regular Season - 32
710869,Everton,45,Manchester United,33,2022-04-09,11:30:00,True,False,False,False,1,0,39,Premier League,2021,Regular Season - 32
710875,Watford,38,Leeds,63,2022-04-09,14:00:00,False,True,False,False,0,3,39,Premier League,2021,Regular Season - 32
710874,Southampton,41,Chelsea,49,2022-04-09,14:00:00,False,True,False,False,0,6,39,Premier League,2021,Regular Season - 32
710866,Arsenal,42,Brighton,51,2022-04-09,14:00:00,False,True,False,False,1,2,39,Premier League,2021,Regular Season - 32
710867,Aston Villa,66,Tottenham,47,2022-04-09,16:30:00,False,True,False,False,0,4,39,Premier League,2021,Regular Season - 32
710870,Leicester,46,Crystal Palace,52,2022-04-10,13:00:00,True,False,False,False,2,1,39,Premier League,2021,Regular Season - 32
710868,Brentford,55,West Ham,48,2022-04-10,13:00:00,True,False,False,False,2,0,39,Premier League,2021,Regular Season - 32
710873,Norwich,71,Burnley,44,2022-04-10,13:00:00,True,False,False,False,2,0,39,Premier League,2021,Regular Season - 32
710871,Manchester City,50,Liverpool,40,2022-04-10,15:30:00,False,False,True,True,2,2,39,Premier League,2021,Regular Season - 32
710882,Tottenham,47,Brighton,51,2022-04-16,11:30:00,False,True,False,False,0,1,39,Premier League,2021,Regular Season - 33
710879,Manchester United,33,Norwich,71,2022-04-16,14:00:00,True,False,False,False,3,2,39,Premier League,2021,Regular Season - 33
710883,Watford,38,Brentford,55,2022-04-16,14:00:00,False,True,False,False,1,2,39,Premier League,2021,Regular Season - 33
710881,Southampton,41,Arsenal,42,2022-04-16,14:00:00,True,False,False,False,1,0,39,Premier League,2021,Regular Season - 33
710880,Newcastle,34,Leicester,46,2022-04-17,13:15:00,True,False,False,False,2,1,39,Premier League,2021,Regular Season - 33
710884,West Ham,48,Burnley,44,2022-04-17,13:15:00,False,False,True,True,1,1,39,Premier League,2021,Regular Season - 33
710849,Liverpool,40,Manchester United,33,2022-04-19,19:00:00,True,False,False,False,4,0,39,Premier League,2021,Regular Season - 30
710851,Newcastle,34,Crystal Palace,52,2022-04-20,18:45:00,True,False,False,False,1,0,39,Premier League,2021,Regular Season - 30
710727,Everton,45,Leicester,46,2022-04-20,18:45:00,False,False,True,True,1,1,39,Premier League,2021,Regular Season - 18
710798,Chelsea,49,Arsenal,42,2022-04-20,18:45:00,False,True,False,False,2,4,39,Premier League,2021,Regular Season - 25
710850,Manchester City,50,Brighton,51,2022-04-20,19:00:00,True,False,False,False,3,0,39,Premier League,2021,Regular Season - 30
710847,Burnley,44,Southampton,41,2022-04-21,18:45:00,True,False,False,False,2,0,39,Premier League,2021,Regular Season - 30
710886,Arsenal,42,Manchester United,33,2022-04-23,11:30:00,True,False,False,False,3,1,39,Premier League,2021,Regular Season - 34
710892,Leicester,46,Aston Villa,66,2022-04-23,14:00:00,False,False,True,True,0,0,39,Premier League,2021,Regular Season - 34
710894,Manchester City,50,Watford,38,2022-04-23,14:00:00,True,False,False,False,5,1,39,Premier League,2021,Regular Season - 34
710895,Norwich,71,Newcastle,34,2022-04-23,14:00:00,False,True,False,False,0,3,39,Premier League,2021,Regular Season - 34
710887,Brentford,55,Tottenham,47,2022-04-23,16:30:00,False,False,True,True,0,0,39,Premier League,2021,Regular Season - 34
710889,Burnley,44,Wolves,39,2022-04-24,13:00:00,True,False,False,False,1,0,39,Premier League,2021,Regular Season - 34
710890,Chelsea,49,West Ham,48,2022-04-24,13:00:00,True,False,False,False,1,0,39,Premier League,2021,Regular Season - 34
710888,Brighton,51,Southampton,41,2022-04-24,13:00:00,False,False,True,True,2,2,39,Premier League,2021,Regular Season - 34
710893,Liverpool,40,Everton,45,2022-04-24,15:30:00,True,False,False,False,2,0,39,Premier League,2021,Regular Season - 34
710891,Crystal Palace,52,Leeds,63,2022-04-25,19:00:00,False,False,True,True,0,0,39,Premier League,2021,Regular Season - 34
710919,Manchester United,33,Chelsea,49,2022-04-28,18:45:00,False,False,True,True,1,1,39,Premier League,2021,Regular Season - 37
710900,Newcastle,34,Liverpool,40,2022-04-30,11:30:00,False,True,False,False,0,1,39,Premier League,2021,Regular Season - 35
710903,Watford,38,Burnley,44,2022-04-30,14:00:00,False,True,False,False,1,2,39,Premier League,2021,Regular Season - 35
710905,Wolves,39,Brighton,51,2022-04-30,14:00:00,False,True,False,False,0,3,39,Premier League,2021,Regular Season - 35
710901,Southampton,41,Crystal Palace,52,2022-04-30,14:00:00,False,True,False,False,1,2,39,Premier League,2021,Regular Season - 35
710896,Aston Villa,66,Norwich,71,2022-04-30,14:00:00,True,False,False,False,2,0,39,Premier League,2021,Regular Season - 35
710898,Leeds,63,Manchester City,50,2022-04-30,16:30:00,False,True,False,False,0,4,39,Premier League,2021,Regular Season - 35
710897,Everton,45,Chelsea,49,2022-05-01,13:00:00,True,False,False,False,1,0,39,Premier League,2021,Regular Season - 35
710902,Tottenham,47,Leicester,46,2022-05-01,13:00:00,True,False,False,False,3,1,39,Premier League,2021,Regular Season - 35
710904,West Ham,48,Arsenal,42,2022-05-01,15:30:00,False,True,False,False,1,2,39,Premier League,2021,Regular Season - 35
710899,Manchester United,33,Brentford,55,2022-05-02,19:00:00,True,False,False,False,3,0,39,Premier League,2021,Regular Season - 35
710909,Burnley,44,Aston Villa,66,2022-05-07,14:00:00,False,True,False,False,1,3,39,Premier League,2021,Regular Season - 36
710910,Chelsea,49,Wolves,39,2022-05-07,14:00:00,False,False,True,True,2,2,39,Premier League,2021,Regular Season - 36
710911,Crystal Palace,52,Watford,38,2022-05-07,14:00:00,True,False,False,False,1,0,39,Premier League,2021,Regular Season - 36
710907,Brentford,55,Southampton,41,2022-05-07,14:00:00,True,False,False,False,3,0,39,Premier League,2021,Regular Season - 36
710908,Brighton,51,Manchester United,33,2022-05-07,16:30:00,True,False,False,False,4,0,39,Premier League,2021,Regular Season - 36
710913,Liverpool,40,Tottenham,47,2022-05-07,18:45:00,False,False,True,True,1,1,39,Premier League,2021,Regular Season - 36
710906,Arsenal,42,Leeds,63,2022-05-08,13:00:00,True,False,False,False,2,1,39,Premier League,2021,Regular Season - 36
710912,Leicester,46,Everton,45,2022-05-08,13:00:00,False,True,False,False,1,2,39,Premier League,2021,Regular Season - 36
710915,Norwich,71,West Ham,48,2022-05-08,13:00:00,False,True,False,False,0,4,39,Premier League,2021,Regular Season - 36
710914,Manchester City,50,Newcastle,34,2022-05-08,15:30:00,True,False,False,False,5,0,39,Premier League,2021,Regular Season - 36
710876,Aston Villa,66,Liverpool,40,2022-05-10,19:00:00,False,True,False,False,1,2,39,Premier League,2021,Regular Season - 33
710878,Leeds,63,Chelsea,49,2022-05-11,18:30:00,False,True,False,False,0,3,39,Premier League,2021,Regular Season - 33
710854,Watford,38,Everton,45,2022-05-11,18:45:00,False,False,True,True,0,0,39,Premier League,2021,Regular Season - 30
710762,Leicester,46,Norwich,71,2022-05-11,18:45:00,True,False,False,False,3,0,39,Premier League,2021,Regular Season - 21
710885,Wolves,39,Manchester City,50,2022-05-11,19:15:00,False,True,False,False,1,5,39,Premier League,2021,Regular Season - 33
710773,Tottenham,47,Arsenal,42,2022-05-12,18:45:00,True,False,False,False,3,0,39,Premier League,2021,Regular Season - 22
710922,Tottenham,47,Burnley,44,2022-05-15,11:00:00,True,False,False,False,1,0,39,Premier League,2021,Regular Season - 37
710923,Watford,38,Leicester,46,2022-05-15,13:00:00,False,True,False,False,1,5,39,Premier League,2021,Regular Season - 37
710925,Wolves,39,Norwich,71,2022-05-15,13:00:00,False,False,True,True,1,1,39,Premier League,2021,Regular Season - 37
710924,West Ham,48,Manchester City,50,2022-05-15,13:00:00,False,False,True,True,2,2,39,Premier League,2021,Regular Season - 37
710918,Leeds,63,Brighton,51,2022-05-15,13:00:00,False,False,True,True,1,1,39,Premier League,2021,Regular Season - 37
710916,Aston Villa,66,Crystal Palace,52,2022-05-15,13:00:00,False,False,True,True,1,1,39,Premier League,2021,Regular Season - 37
710917,Everton,45,Brentford,55,2022-05-15,15:30:00,False,True,False,False,2,3,39,Premier League,2021,Regular Season - 37
710920,Newcastle,34,Arsenal,42,2022-05-16,19:00:00,True,False,False,False,2,0,39,Premier League,2021,Regular Season - 37
710921,Southampton,41,Liverpool,40,2022-05-17,18:45:00,False,True,False,False,1,2,39,Premier League,2021,Regular Season - 37
710877,Everton,45,Crystal Palace,52,2022-05-19,18:45:00,True,False,False,False,3,2,39,Premier League,2021,Regular Season - 33
710819,Chelsea,49,Leicester,46,2022-05-19,19:00:00,False,False,True,True,1,1,39,Premier League,2021,Regular Season - 27
710726,Aston Villa,66,Burnley,44,2022-05-19,19:00:00,False,False,True,True,1,1,39,Premier League,2021,Regular Season - 18
710933,Liverpool,40,Wolves,39,2022-05-22,15:00:00,True,False,False,False,3,1,39,Premier League,2021,Regular Season - 38
710926,Arsenal,42,Everton,45,2022-05-22,15:00:00,True,False,False,False,5,1,39,Premier League,2021,Regular Season - 38
710929,Burnley,44,Newcastle,34,2022-05-22,15:00:00,False,True,False,False,1,2,39,Premier League,2021,Regular Season - 38
710932,Leicester,46,Southampton,41,2022-05-22,15:00:00,True,False,False,False,4,1,39,Premier League,2021,Regular Season - 38
710930,Chelsea,49,Watford,38,2022-05-22,15:00:00,True,False,False,False,2,1,39,Premier League,2021,Regular Season - 38
710934,Manchester City,50,Aston Villa,66,2022-05-22,15:00:00,True,False,False,False,3,2,39,Premier League,2021,Regular Season - 38
710928,Brighton,51,West Ham,48,2022-05-22,15:00:00,True,False,False,False,3,1,39,Premier League,2021,Regular Season - 38
710931,Crystal Palace,52,Manchester United,33,2022-05-22,15:00:00,True,False,False,False,1,0,39,Premier League,2021,Regular Season - 38
710927,Brentford,55,Leeds,63,2022-05-22,15:00:00,False,True,False,False,1,2,39,Premier League,2021,Regular Season - 38
710935,Norwich,71,Tottenham,47,2022-05-22,15:00:00,False,True,False,False,0,5,39,Premier League,2021,Regular Season - 38
