season,match_week,team_id,team_name,position,played,won,drawn,lost,goals_for,goals_against,goal_difference,points,home_played,home_won,home_drawn,home_lost,home_goals_for,home_goals_against,home_goal_difference,home_points,away_played,away_won,away_drawn,away_lost,away_goals_for,away_goals_against,away_goal_difference,away_points,annotation_types,annotation_destinations,stadium_name,stadium_city
2008/09,1,4,Chelsea,1,1,1,0,0,4,0,4,3,1,1,0,0,4,0,4,3,0,0,0,0,0,0,0,0,Q,EU_CL,Stamford Bridge,London
2008/09,1,2,Aston Villa,2,1,1,0,0,4,2,2,3,1,1,0,0,4,2,2,3,0,0,0,0,0,0,0,0,Q,EU_CL,Villa Park,Birmingham
2008/09,1,27,Bolton Wanderers,3,1,1,0,0,3,1,2,3,1,1,0,0,3,1,2,3,0,0,0,0,0,0,0,0,Q,EU_CL,Toughsheet Community Stadium,Bolton
2008/09,1,3,Blackburn Rovers,4,1,1,0,0,3,2,1,3,0,0,0,0,0,0,0,0,1,1,0,0,3,2,1,3,Q,EU_CL,Ewood Park,Blackburn
2008/09,1,41,Hull City,5,1,1,0,0,2,1,1,3,1,1,0,0,2,1,1,3,0,0,0,0,0,0,0,0,Q,EU_UC,KCOM Stadium,Hull
2008/09,1,13,Middlesbrough,6,1,1,0,0,2,1,1,3,1,1,0,0,2,1,1,3,0,0,0,0,0,0,0,0,Q,EU_UC,Riverside Stadium,Middlesbrough
2008/09,1,25,West Ham United,7,1,1,0,0,2,1,1,3,1,1,0,0,2,1,1,3,0,0,0,0,0,0,0,0,Q,EU_UC,Boleyn Ground,London
2008/09,1,1,Arsenal,8,1,1,0,0,1,0,1,3,1,1,0,0,1,0,1,3,0,0,0,0,0,0,0,0,,,Emirates Stadium,London
2008/09,1,10,Liverpool,9,1,1,0,0,1,0,1,3,0,0,0,0,0,0,0,0,1,1,0,0,1,0,1,3,,,Anfield,Liverpool
2008/09,1,12,Manchester United,10,1,0,1,0,1,1,0,1,1,0,1,0,1,1,0,1,0,0,0,0,0,0,0,0,,,Old Trafford,Manchester
2008/09,1,23,Newcastle United,11,1,0,1,0,1,1,0,1,0,0,0,0,0,0,0,0,1,0,1,0,1,1,0,1,,,St. James' Park,Newcastle
2008/09,1,7,Everton,12,1,0,0,1,2,3,-1,0,1,0,0,1,2,3,-1,0,0,0,0,0,0,0,0,0,,,Goodison Park,Liverpool
2008/09,1,34,Fulham,13,1,0,0,1,1,2,-1,0,0,0,0,0,0,0,0,0,1,0,0,1,1,2,-1,0,,,Craven Cottage,London
2008/09,1,21,Tottenham Hotspur,14,1,0,0,1,1,2,-1,0,0,0,0,0,0,0,0,0,1,0,0,1,1,2,-1,0,,,White Hart Lane,London
2008/09,1,39,Wigan Athletic,15,1,0,0,1,1,2,-1,0,0,0,0,0,0,0,0,0,1,0,0,1,1,2,-1,0,,,DW Stadium,Wigan
2008/09,1,29,Sunderland,16,1,0,0,1,0,1,-1,0,1,0,0,1,0,1,-1,0,0,0,0,0,0,0,0,0,,,Stadium of Light,Sunderland
2008/09,1,36,West Bromwich Albion,17,1,0,0,1,0,1,-1,0,0,0,0,0,0,0,0,0,1,0,0,1,0,1,-1,0,,,The Hawthorns,West Bromwich
2008/09,1,11,Manchester City,18,1,0,0,1,2,4,-2,0,0,0,0,0,0,0,0,0,1,0,0,1,2,4,-2,0,R,EN_CH,Etihad Stadium,Manchester
2008/09,1,42,Stoke City,19,1,0,0,1,1,3,-2,0,0,0,0,0,0,0,0,0,1,0,0,1,1,3,-2,0,R,EN_CH,Britannia Stadium,Stoke
2008/09,1,37,Portsmouth,20,1,0,0,1,0,4,-4,0,0,0,0,0,0,0,0,0,1,0,0,1,0,4,-4,0,R,EN_CH,Fratton Park,Portsmouth
2008/09,2,4,Chelsea,1,2,2,0,0,5,0,5,6,1,1,0,0,4,0,4,3,1,1,0,0,1,0,1,3,Q,EU_CL,Stamford Bridge,London
2008/09,2,10,Liverpool,2,2,2,0,0,3,1,2,6,1,1,0,0,2,1,1,3,1,1,0,0,1,0,1,3,Q,EU_CL,Anfield,Liverpool
2008/09,2,3,Blackburn Rovers,3,2,1,1,0,4,3,1,4,1,0,1,0,1,1,0,1,1,1,0,0,3,2,1,3,Q,EU_CL,Ewood Park,Blackburn
2008/09,2,41,Hull City,4,2,1,1,0,3,2,1,4,1,1,0,0,2,1,1,3,1,0,1,0,1,1,0,1,Q,EU_CL,KCOM Stadium,Hull
2008/09,2,12,Manchester United,5,2,1,1,0,2,1,1,4,1,0,1,0,1,1,0,1,1,1,0,0,1,0,1,3,Q,EU_UC,Old Trafford,Manchester
2008/09,2,23,Newcastle United,6,2,1,1,0,2,1,1,4,1,1,0,0,1,0,1,3,1,0,1,0,1,1,0,1,Q,EU_UC,St. James' Park,Newcastle
2008/09,2,2,Aston Villa,7,2,1,0,1,6,5,1,3,1,1,0,0,4,2,2,3,1,0,0,1,2,3,-1,0,Q,EU_UC,Villa Park,Birmingham
2008/09,2,11,Manchester City,8,2,1,0,1,5,4,1,3,1,1,0,0,3,0,3,3,1,0,0,1,2,4,-2,0,,,Etihad Stadium,Manchester
2008/09,2,27,Bolton Wanderers,9,2,1,0,1,3,2,1,3,1,1,0,0,3,1,2,3,1,0,0,1,0,1,-1,0,,,Toughsheet Community Stadium,Bolton
2008/09,2,7,Everton,10,2,1,0,1,4,4,0,3,1,0,0,1,2,3,-1,0,1,1,0,0,2,1,1,3,,,Goodison Park,Liverpool
2008/09,2,13,Middlesbrough,11,2,1,0,1,3,3,0,3,1,1,0,0,2,1,1,3,1,0,0,1,1,2,-1,0,,,Riverside Stadium,Middlesbrough
2008/09,2,34,Fulham,12,2,1,0,1,2,2,0,3,1,1,0,0,1,0,1,3,1,0,0,1,1,2,-1,0,,,Craven Cottage,London
2008/09,2,29,Sunderland,13,2,1,0,1,2,2,0,3,1,0,0,1,0,1,-1,0,1,1,0,0,2,1,1,3,,,Stadium of Light,Sunderland
2008/09,2,1,Arsenal,14,2,1,0,1,1,1,0,3,1,1,0,0,1,0,1,3,1,0,0,1,0,1,-1,0,,,Emirates Stadium,London
2008/09,2,42,Stoke City,15,2,1,0,1,4,5,-1,3,1,1,0,0,3,2,1,3,1,0,0,1,1,3,-2,0,,,Britannia Stadium,Stoke
2008/09,2,25,West Ham United,16,2,1,0,1,2,4,-2,3,1,1,0,0,2,1,1,3,1,0,0,1,0,3,-3,0,,,Boleyn Ground,London
2008/09,2,21,Tottenham Hotspur,17,2,0,0,2,2,4,-2,0,1,0,0,1,1,2,-1,0,1,0,0,1,1,2,-1,0,,,White Hart Lane,London
2008/09,2,36,West Bromwich Albion,18,2,0,0,2,1,3,-2,0,1,0,0,1,1,2,-1,0,1,0,0,1,0,1,-1,0,R,EN_CH,The Hawthorns,West Bromwich
2008/09,2,39,Wigan Athletic,19,2,0,0,2,1,3,-2,0,1,0,0,1,0,1,-1,0,1,0,0,1,1,2,-1,0,R,EN_CH,DW Stadium,Wigan
2008/09,2,37,Portsmouth,20,2,0,0,2,0,5,-5,0,1,0,0,1,0,1,-1,0,1,0,0,1,0,4,-4,0,R,EN_CH,Fratton Park,Portsmouth
2008/09,3,4,Chelsea,1,3,2,1,0,6,1,5,7,2,1,1,0,5,1,4,4,1,1,0,0,1,0,1,3,Q,EU_CL,Stamford Bridge,London
2008/09,3,10,Liverpool,2,3,2,1,0,3,1,2,7,1,1,0,0,2,1,1,3,2,1,1,0,1,0,1,4,Q,EU_CL,Anfield,Liverpool
2008/09,3,11,Manchester City,3,3,2,0,1,8,4,4,6,1,1,0,0,3,0,3,3,2,1,0,1,5,4,1,3,Q,EU_CL,Etihad Stadium,Manchester
2008/09,3,1,Arsenal,4,3,2,0,1,4,1,3,6,2,2,0,0,4,0,4,6,1,0,0,1,0,1,-1,0,Q,EU_CL,Emirates Stadium,London
2008/09,3,25,West Ham United,5,3,2,0,1,6,5,1,6,2,2,0,0,6,2,4,6,1,0,0,1,0,3,-3,0,Q,EU_UC,Boleyn Ground,London
2008/09,3,13,Middlesbrough,6,3,2,0,1,5,4,1,6,2,2,0,0,4,2,2,6,1,0,0,1,1,2,-1,0,Q,EU_UC,Riverside Stadium,Middlesbrough
2008/09,3,2,Aston Villa,7,3,1,1,1,6,5,1,4,2,1,1,0,4,2,2,4,1,0,0,1,2,3,-1,0,Q,EU_UC,Villa Park,Birmingham
2008/09,3,27,Bolton Wanderers,8,3,1,1,1,3,2,1,4,2,1,1,0,3,1,2,4,1,0,0,1,0,1,-1,0,,,Toughsheet Community Stadium,Bolton
2008/09,3,12,Manchester United,9,2,1,1,0,2,1,1,4,1,0,1,0,1,1,0,1,1,1,0,0,1,0,1,3,,,Old Trafford,Manchester
2008/09,3,3,Blackburn Rovers,10,3,1,1,1,5,7,-2,4,1,0,1,0,1,1,0,1,2,1,0,1,4,6,-2,3,,,Ewood Park,Blackburn
2008/09,3,23,Newcastle United,11,3,1,1,1,2,4,-2,4,1,1,0,0,1,0,1,3,2,0,1,1,1,4,-3,1,,,St. James' Park,Newcastle
2008/09,3,41,Hull City,12,3,1,1,1,3,7,-4,4,2,1,0,1,2,6,-4,3,1,0,1,0,1,1,0,1,,,KCOM Stadium,Hull
2008/09,3,39,Wigan Athletic,13,3,1,0,2,6,3,3,3,1,0,0,1,0,1,-1,0,2,1,0,1,6,2,4,3,,,DW Stadium,Wigan
2008/09,3,34,Fulham,14,2,1,0,1,2,2,0,3,1,1,0,0,1,0,1,3,1,0,0,1,1,2,-1,0,,,Craven Cottage,London
2008/09,3,42,Stoke City,15,3,1,0,2,5,7,-2,3,1,1,0,0,3,2,1,3,2,0,0,2,2,5,-3,0,,,Britannia Stadium,Stoke
2008/09,3,37,Portsmouth,16,3,1,0,2,3,5,-2,3,1,0,0,1,0,1,-1,0,2,1,0,1,3,4,-1,3,,,Fratton Park,Portsmouth
2008/09,3,7,Everton,17,3,1,0,2,4,7,-3,3,2,0,0,2,2,6,-4,0,1,1,0,0,2,1,1,3,,,Goodison Park,Liverpool
2008/09,3,29,Sunderland,18,3,1,0,2,2,5,-3,3,2,0,0,2,0,4,-4,0,1,1,0,0,2,1,1,3,R,EN_CH,Stadium of Light,Sunderland
2008/09,3,21,Tottenham Hotspur,19,3,0,1,2,3,5,-2,1,1,0,0,1,1,2,-1,0,2,0,1,1,2,3,-1,1,R,EN_CH,White Hart Lane,London
2008/09,3,36,West Bromwich Albion,20,3,0,1,2,1,3,-2,1,1,0,0,1,1,2,-1,0,2,0,1,1,0,1,-1,1,R,EN_CH,The Hawthorns,West Bromwich
2008/09,4,4,Chelsea,1,4,3,1,0,9,2,7,10,2,1,1,0,5,1,4,4,2,2,0,0,4,1,3,6,Q,EU_CL,Stamford Bridge,London
2008/09,4,10,Liverpool,2,4,3,1,0,5,2,3,10,2,2,0,0,4,2,2,6,2,1,1,0,1,0,1,4,Q,EU_CL,Anfield,Liverpool
2008/09,4,1,Arsenal,3,4,3,0,1,8,1,7,9,2,2,0,0,4,0,4,6,2,1,0,1,4,1,3,3,Q,EU_CL,Emirates Stadium,London
2008/09,4,2,Aston Villa,4,4,2,1,1,8,6,2,7,2,1,1,0,4,2,2,4,2,1,0,1,4,4,0,3,Q,EU_CL,Villa Park,Birmingham
2008/09,4,41,Hull City,5,4,2,1,1,5,8,-3,7,2,1,0,1,2,6,-4,3,2,1,1,0,3,2,1,4,Q,EU_UC,KCOM Stadium,Hull
2008/09,4,11,Manchester City,6,4,2,0,2,9,7,2,6,2,1,0,1,4,3,1,3,2,1,0,1,5,4,1,3,Q,EU_UC,Etihad Stadium,Manchester
2008/09,4,34,Fulham,7,3,2,0,1,4,3,1,6,2,2,0,0,3,1,2,6,1,0,0,1,1,2,-1,0,Q,EU_UC,Craven Cottage,London
2008/09,4,25,West Ham United,8,4,2,0,2,8,8,0,6,2,2,0,0,6,2,4,6,2,0,0,2,2,6,-4,0,,,Boleyn Ground,London
2008/09,4,13,Middlesbrough,9,4,2,0,2,6,6,0,6,2,2,0,0,4,2,2,6,2,0,0,2,2,4,-2,0,,,Riverside Stadium,Middlesbrough
2008/09,4,37,Portsmouth,10,4,2,0,2,5,6,-1,6,2,1,0,1,2,2,0,3,2,1,0,1,3,4,-1,3,,,Fratton Park,Portsmouth
2008/09,4,7,Everton,11,4,2,0,2,7,9,-2,6,2,0,0,2,2,6,-4,0,2,2,0,0,5,3,2,6,,,Goodison Park,Liverpool
2008/09,4,39,Wigan Athletic,12,4,1,1,2,7,4,3,4,2,0,1,1,1,2,-1,1,2,1,0,1,6,2,4,3,,,DW Stadium,Wigan
2008/09,4,27,Bolton Wanderers,13,4,1,1,2,4,4,0,4,2,1,1,0,3,1,2,4,2,0,0,2,1,3,-2,0,,,Toughsheet Community Stadium,Bolton
2008/09,4,12,Manchester United,14,3,1,1,1,3,3,0,4,1,0,1,0,1,1,0,1,2,1,0,1,2,2,0,3,,,Old Trafford,Manchester
2008/09,4,36,West Bromwich Albion,15,4,1,1,2,4,5,-1,4,2,1,0,1,4,4,0,3,2,0,1,1,0,1,-1,1,,,The Hawthorns,West Bromwich
2008/09,4,23,Newcastle United,16,4,1,1,2,3,6,-3,4,2,1,0,1,2,2,0,3,2,0,1,1,1,4,-3,1,,,St. James' Park,Newcastle
2008/09,4,29,Sunderland,17,4,1,1,2,3,6,-3,4,2,0,0,2,0,4,-4,0,2,1,1,0,3,2,1,4,,,Stadium of Light,Sunderland
2008/09,4,3,Blackburn Rovers,18,4,1,1,2,5,11,-6,4,2,0,1,1,1,5,-4,1,2,1,0,1,4,6,-2,3,R,EN_CH,Ewood Park,Blackburn
2008/09,4,42,Stoke City,19,4,1,0,3,7,10,-3,3,2,1,0,1,5,5,0,3,2,0,0,2,2,5,-3,0,R,EN_CH,Britannia Stadium,Stoke
2008/09,4,21,Tottenham Hotspur,20,4,0,1,3,4,7,-3,1,2,0,0,2,2,4,-2,0,2,0,1,1,2,3,-1,1,R,EN_CH,White Hart Lane,London
2008/09,5,1,Arsenal,1,5,4,0,1,11,2,9,12,2,2,0,0,4,0,4,6,3,2,0,1,7,2,5,6,Q,EU_CL,Emirates Stadium,London
2008/09,5,4,Chelsea,2,5,3,2,0,10,3,7,11,3,1,2,0,6,2,4,5,2,2,0,0,4,1,3,6,Q,EU_CL,Stamford Bridge,London
2008/09,5,10,Liverpool,3,5,3,2,0,5,2,3,11,3,2,1,0,4,2,2,7,2,1,1,0,1,0,1,4,Q,EU_CL,Anfield,Liverpool
2008/09,5,2,Aston Villa,4,5,3,1,1,10,7,3,10,2,1,1,0,4,2,2,4,3,2,0,1,6,5,1,6,Q,EU_CL,Villa Park,Birmingham
2008/09,5,11,Manchester City,5,5,3,0,2,15,7,8,9,3,2,0,1,10,3,7,6,2,1,0,1,5,4,1,3,Q,EU_UC,Etihad Stadium,Manchester
2008/09,5,25,West Ham United,6,5,3,0,2,11,9,2,9,3,3,0,0,9,3,6,9,2,0,0,2,2,6,-4,0,Q,EU_UC,Boleyn Ground,London
2008/09,5,41,Hull City,7,5,2,2,1,7,10,-3,8,3,1,1,1,4,8,-4,4,2,1,1,0,3,2,1,4,Q,EU_UC,KCOM Stadium,Hull
2008/09,5,29,Sunderland,8,5,2,1,2,5,6,-1,7,3,1,0,2,2,4,-2,3,2,1,1,0,3,2,1,4,,,Stadium of Light,Sunderland
2008/09,5,7,Everton,9,5,2,1,2,9,11,-2,7,2,0,0,2,2,6,-4,0,3,2,1,0,7,5,2,7,,,Goodison Park,Liverpool
2008/09,5,3,Blackburn Rovers,10,5,2,1,2,6,11,-5,7,3,1,1,1,2,5,-3,4,2,1,0,1,4,6,-2,3,,,Ewood Park,Blackburn
2008/09,5,34,Fulham,11,4,2,0,2,4,4,0,6,2,2,0,0,3,1,2,6,2,0,0,2,1,3,-2,0,,,Craven Cottage,London
2008/09,5,13,Middlesbrough,12,5,2,0,3,6,8,-2,6,2,2,0,0,4,2,2,6,3,0,0,3,2,6,-4,0,,,Riverside Stadium,Middlesbrough
2008/09,5,37,Portsmouth,13,5,2,0,3,5,12,-7,6,2,1,0,1,2,2,0,3,3,1,0,2,3,10,-7,3,,,Fratton Park,Portsmouth
2008/09,5,39,Wigan Athletic,14,5,1,2,2,7,4,3,5,2,0,1,1,1,2,-1,1,3,1,1,1,6,2,4,4,,,DW Stadium,Wigan
2008/09,5,12,Manchester United,15,4,1,2,1,4,4,0,5,1,0,1,0,1,1,0,1,3,1,1,1,3,3,0,4,,,Old Trafford,Manchester
2008/09,5,27,Bolton Wanderers,16,5,1,1,3,5,7,-2,4,3,1,1,1,4,4,0,4,2,0,0,2,1,3,-2,0,,,Toughsheet Community Stadium,Bolton
2008/09,5,36,West Bromwich Albion,17,5,1,1,3,5,7,-2,4,3,1,0,2,5,6,-1,3,2,0,1,1,0,1,-1,1,,,The Hawthorns,West Bromwich
2008/09,5,42,Stoke City,18,5,1,1,3,7,10,-3,4,2,1,0,1,5,5,0,3,3,0,1,2,2,5,-3,1,R,EN_CH,Britannia Stadium,Stoke
2008/09,5,23,Newcastle United,19,5,1,1,3,4,9,-5,4,2,1,0,1,2,2,0,3,3,0,1,2,2,7,-5,1,R,EN_CH,St. James' Park,Newcastle
2008/09,5,21,Tottenham Hotspur,20,5,0,2,3,4,7,-3,2,3,0,1,2,2,4,-2,1,2,0,1,1,2,3,-1,1,R,EN_CH,White Hart Lane,London
2008/09,6,4,Chelsea,1,6,4,2,0,12,3,9,14,3,1,2,0,6,2,4,5,3,3,0,0,6,1,5,9,Q,EU_CL,Stamford Bridge,London
2008/09,6,10,Liverpool,2,6,4,2,0,7,2,5,14,3,2,1,0,4,2,2,7,3,2,1,0,3,0,3,7,Q,EU_CL,Anfield,Liverpool
2008/09,6,2,Aston Villa,3,6,4,1,1,12,8,4,13,3,2,1,0,6,3,3,7,3,2,0,1,6,5,1,6,Q,EU_CL,Villa Park,Birmingham
2008/09,6,1,Arsenal,4,6,4,0,2,12,4,8,12,3,2,0,1,5,2,3,6,3,2,0,1,7,2,5,6,Q,EU_CL,Emirates Stadium,London
2008/09,6,25,West Ham United,5,6,4,0,2,13,10,3,12,3,3,0,0,9,3,6,9,3,1,0,2,4,7,-3,3,Q,EU_UC,Boleyn Ground,London
2008/09,6,41,Hull City,6,6,3,2,1,9,11,-2,11,3,1,1,1,4,8,-4,4,3,2,1,0,5,3,2,7,Q,EU_UC,KCOM Stadium,Hull
2008/09,6,3,Blackburn Rovers,7,6,3,1,2,8,12,-4,10,3,1,1,1,2,5,-3,4,3,2,0,1,6,7,-1,6,Q,EU_UC,Ewood Park,Blackburn
2008/09,6,11,Manchester City,8,6,3,0,3,16,9,7,9,3,2,0,1,10,3,7,6,3,1,0,2,6,6,0,3,,,Etihad Stadium,Manchester
2008/09,6,37,Portsmouth,9,6,3,0,3,7,12,-5,9,3,2,0,1,4,2,2,6,3,1,0,2,3,10,-7,3,,,Fratton Park,Portsmouth
2008/09,6,39,Wigan Athletic,10,6,2,2,2,9,5,4,8,3,1,1,1,3,3,0,4,3,1,1,1,6,2,4,4,,,DW Stadium,Wigan
2008/09,6,12,Manchester United,11,5,2,2,1,6,4,2,8,2,1,1,0,3,1,2,4,3,1,1,1,3,3,0,4,,,Old Trafford,Manchester
2008/09,6,36,West Bromwich Albion,12,6,2,1,3,6,7,-1,7,3,1,0,2,5,6,-1,3,3,1,1,1,1,1,0,4,,,The Hawthorns,West Bromwich
2008/09,6,29,Sunderland,13,6,2,1,3,6,8,-2,7,3,1,0,2,2,4,-2,3,3,1,1,1,4,4,0,4,,,Stadium of Light,Sunderland
2008/09,6,7,Everton,14,6,2,1,3,9,13,-4,7,3,0,0,3,2,8,-6,0,3,2,1,0,7,5,2,7,,,Goodison Park,Liverpool
2008/09,6,34,Fulham,15,5,2,0,3,5,6,-1,6,3,2,0,1,4,3,1,6,2,0,0,2,1,3,-2,0,,,Craven Cottage,London
2008/09,6,13,Middlesbrough,16,6,2,0,4,6,9,-3,6,3,2,0,1,4,3,1,6,3,0,0,3,2,6,-4,0,,,Riverside Stadium,Middlesbrough
2008/09,6,27,Bolton Wanderers,17,6,1,1,4,5,9,-4,4,3,1,1,1,4,4,0,4,3,0,0,3,1,5,-4,0,,,Toughsheet Community Stadium,Bolton
2008/09,6,42,Stoke City,18,6,1,1,4,7,12,-5,4,3,1,0,2,5,7,-2,3,3,0,1,2,2,5,-3,1,R,EN_CH,Britannia Stadium,Stoke
2008/09,6,23,Newcastle United,19,6,1,1,4,5,11,-6,4,3,1,0,2,3,4,-1,3,3,0,1,2,2,7,-5,1,R,EN_CH,St. James' Park,Newcastle
2008/09,6,21,Tottenham Hotspur,20,6,0,2,4,4,9,-5,2,3,0,1,2,2,4,-2,1,3,0,1,2,2,5,-3,1,R,EN_CH,White Hart Lane,London
2008/09,7,4,Chelsea,1,7,5,2,0,14,3,11,17,4,2,2,0,8,2,6,8,3,3,0,0,6,1,5,9,Q,EU_CL,Stamford Bridge,London
2008/09,7,10,Liverpool,2,7,5,2,0,10,4,6,17,3,2,1,0,4,2,2,7,4,3,1,0,6,2,4,10,Q,EU_CL,Anfield,Liverpool
2008/09,7,41,Hull City,3,7,4,2,1,10,11,-1,14,3,1,1,1,4,8,-4,4,4,3,1,0,6,3,3,10,Q,EU_CL,KCOM Stadium,Hull
2008/09,7,1,Arsenal,4,7,4,1,2,13,5,8,13,3,2,0,1,5,2,3,6,4,2,1,1,8,3,5,7,Q,EU_CL,Emirates Stadium,London
2008/09,7,2,Aston Villa,5,7,4,1,2,12,10,2,13,3,2,1,0,6,3,3,7,4,2,0,2,6,7,-1,6,Q,EU_UC,Villa Park,Birmingham
2008/09,7,25,West Ham United,6,7,4,0,3,14,13,1,12,4,3,0,1,10,6,4,9,3,1,0,2,4,7,-3,3,Q,EU_UC,Boleyn Ground,London
2008/09,7,37,Portsmouth,7,7,4,0,3,9,13,-4,12,4,3,0,1,6,3,3,9,3,1,0,2,3,10,-7,3,Q,EU_UC,Fratton Park,Portsmouth
2008/09,7,12,Manchester United,8,6,3,2,1,8,4,4,11,2,1,1,0,3,1,2,4,4,2,1,1,5,3,2,7,,,Old Trafford,Manchester
2008/09,7,36,West Bromwich Albion,9,7,3,1,3,7,7,0,10,4,2,0,2,6,6,0,6,3,1,1,1,1,1,0,4,,,The Hawthorns,West Bromwich
2008/09,7,3,Blackburn Rovers,10,7,3,1,3,8,14,-6,10,4,1,1,2,2,7,-5,4,3,2,0,1,6,7,-1,6,,,Ewood Park,Blackburn
2008/09,7,11,Manchester City,11,7,3,0,4,18,12,6,9,4,2,0,2,12,6,6,6,3,1,0,2,6,6,0,3,,,Etihad Stadium,Manchester
2008/09,7,13,Middlesbrough,12,7,3,0,4,7,9,-2,9,3,2,0,1,4,3,1,6,4,1,0,3,3,6,-3,3,,,Riverside Stadium,Middlesbrough
2008/09,7,39,Wigan Athletic,13,7,2,2,3,9,6,3,8,4,1,1,2,3,4,-1,4,3,1,1,1,6,2,4,4,,,DW Stadium,Wigan
2008/09,7,29,Sunderland,14,7,2,2,3,7,9,-2,8,4,1,1,2,3,5,-2,4,3,1,1,1,4,4,0,4,,,Stadium of Light,Sunderland
2008/09,7,7,Everton,15,7,2,2,3,11,15,-4,8,4,0,1,3,4,10,-6,1,3,2,1,0,7,5,2,7,,,Goodison Park,Liverpool
2008/09,7,27,Bolton Wanderers,16,7,2,1,4,8,10,-2,7,3,1,1,1,4,4,0,4,4,1,0,3,4,6,-2,3,,,Toughsheet Community Stadium,Bolton
2008/09,7,34,Fulham,17,6,2,0,4,5,7,-2,6,3,2,0,1,4,3,1,6,3,0,0,3,1,4,-3,0,,,Craven Cottage,London
2008/09,7,23,Newcastle United,18,7,1,2,4,7,13,-6,5,3,1,0,2,3,4,-1,3,4,0,2,2,4,9,-5,2,R,EN_CH,St. James' Park,Newcastle
2008/09,7,42,Stoke City,19,7,1,1,5,8,14,-6,4,3,1,0,2,5,7,-2,3,4,0,1,3,3,7,-4,1,R,EN_CH,Britannia Stadium,Stoke
2008/09,7,21,Tottenham Hotspur,20,7,0,2,5,4,10,-6,2,4,0,1,3,2,5,-3,1,3,0,1,2,2,5,-3,1,R,EN_CH,White Hart Lane,London
2008/09,8,4,Chelsea,1,8,6,2,0,19,3,16,20,4,2,2,0,8,2,6,8,4,4,0,0,11,1,10,12,Q,EU_CL,Stamford Bridge,London
2008/09,8,10,Liverpool,2,8,6,2,0,13,6,7,20,4,3,1,0,7,4,3,10,4,3,1,0,6,2,4,10,Q,EU_CL,Anfield,Liverpool
2008/09,8,41,Hull City,3,8,5,2,1,11,11,0,17,4,2,1,1,5,8,-3,7,4,3,1,0,6,3,3,10,Q,EU_CL,KCOM Stadium,Hull
2008/09,8,1,Arsenal,4,8,5,1,2,16,6,10,16,4,3,0,1,8,3,5,9,4,2,1,1,8,3,5,7,Q,EU_CL,Emirates Stadium,London
2008/09,8,12,Manchester United,5,7,4,2,1,12,4,8,14,3,2,1,0,7,1,6,7,4,2,1,1,5,3,2,7,Q,EU_UC,Old Trafford,Manchester
2008/09,8,2,Aston Villa,6,8,4,2,2,12,10,2,14,4,2,2,0,6,3,3,8,4,2,0,2,6,7,-1,6,Q,EU_UC,Villa Park,Birmingham
2008/09,8,37,Portsmouth,7,8,4,1,3,9,13,-4,13,4,3,0,1,6,3,3,9,4,1,1,2,3,10,-7,4,Q,EU_UC,Fratton Park,Portsmouth
2008/09,8,25,West Ham United,8,8,4,0,4,14,14,0,12,4,3,0,1,10,6,4,9,4,1,0,3,4,8,-4,3,,,Boleyn Ground,London
2008/09,8,3,Blackburn Rovers,9,8,3,2,3,8,14,-6,11,4,1,1,2,2,7,-5,4,4,2,1,1,6,7,-1,7,,,Ewood Park,Blackburn
2008/09,8,11,Manchester City,10,8,3,1,4,20,14,6,10,4,2,0,2,12,6,6,6,4,1,1,2,8,8,0,4,,,Etihad Stadium,Manchester
2008/09,8,36,West Bromwich Albion,11,8,3,1,4,7,11,-4,10,4,2,0,2,6,6,0,6,4,1,1,2,1,5,-4,4,,,The Hawthorns,West Bromwich
2008/09,8,29,Sunderland,12,8,2,3,3,7,9,-2,9,4,1,1,2,3,5,-2,4,4,1,2,1,4,4,0,5,,,Stadium of Light,Sunderland
2008/09,8,13,Middlesbrough,13,8,3,0,5,7,14,-7,9,4,2,0,2,4,8,-4,6,4,1,0,3,3,6,-3,3,,,Riverside Stadium,Middlesbrough
2008/09,8,39,Wigan Athletic,14,8,2,2,4,11,9,2,8,4,1,1,2,3,4,-1,4,4,1,1,2,8,5,3,4,,,DW Stadium,Wigan
2008/09,8,27,Bolton Wanderers,15,8,2,2,4,8,10,-2,8,4,1,2,1,4,4,0,5,4,1,0,3,4,6,-2,3,,,Toughsheet Community Stadium,Bolton
2008/09,8,7,Everton,16,8,2,2,4,12,18,-6,8,4,0,1,3,4,10,-6,1,4,2,1,1,8,8,0,7,,,Goodison Park,Liverpool
2008/09,8,34,Fulham,17,7,2,1,4,5,7,-2,7,4,2,1,1,4,3,1,7,3,0,0,3,1,4,-3,0,,,Craven Cottage,London
2008/09,8,42,Stoke City,18,8,2,1,5,10,15,-5,7,4,2,0,2,7,8,-1,6,4,0,1,3,3,7,-4,1,R,EN_CH,Britannia Stadium,Stoke
2008/09,8,23,Newcastle United,19,8,1,3,4,9,15,-6,6,4,1,1,2,5,6,-1,4,4,0,2,2,4,9,-5,2,R,EN_CH,St. James' Park,Newcastle
2008/09,8,21,Tottenham Hotspur,20,8,0,2,6,5,12,-7,2,4,0,1,3,2,5,-3,1,4,0,1,3,3,7,-4,1,R,EN_CH,White Hart Lane,London
2008/09,9,10,Liverpool,1,9,7,2,0,14,6,8,23,4,3,1,0,7,4,3,10,5,4,1,0,7,2,5,13,Q,EU_CL,Anfield,Liverpool
2008/09,9,4,Chelsea,2,9,6,2,1,19,4,15,20,5,2,2,1,8,3,5,8,4,4,0,0,11,1,10,12,Q,EU_CL,Stamford Bridge,London
2008/09,9,41,Hull City,3,9,6,2,1,14,11,3,20,4,2,1,1,5,8,-3,7,5,4,1,0,9,3,6,13,Q,EU_CL,KCOM Stadium,Hull
2008/09,9,1,Arsenal,4,9,6,1,2,18,6,12,19,4,3,0,1,8,3,5,9,5,3,1,1,10,3,7,10,Q,EU_CL,Emirates Stadium,London
2008/09,9,2,Aston Villa,5,9,5,2,2,16,10,6,17,4,2,2,0,6,3,3,8,5,3,0,2,10,7,3,9,Q,EU_UC,Villa Park,Birmingham
2008/09,9,12,Manchester United,6,8,4,3,1,13,5,8,15,3,2,1,0,7,1,6,7,5,2,2,1,6,4,2,8,Q,EU_UC,Old Trafford,Manchester
2008/09,9,37,Portsmouth,7,9,4,2,3,10,14,-4,14,5,3,1,1,7,4,3,10,4,1,1,2,3,10,-7,4,Q,EU_UC,Fratton Park,Portsmouth
2008/09,9,11,Manchester City,8,9,4,1,4,23,14,9,13,5,3,0,2,15,6,9,9,4,1,1,2,8,8,0,4,,,Etihad Stadium,Manchester
2008/09,9,29,Sunderland,9,9,3,3,3,9,10,-1,12,5,2,1,2,5,6,-1,7,4,1,2,1,4,4,0,5,,,Stadium of Light,Sunderland
2008/09,9,25,West Ham United,10,9,4,0,5,14,16,-2,12,5,3,0,2,10,8,2,9,4,1,0,3,4,8,-4,3,,,Boleyn Ground,London
2008/09,9,3,Blackburn Rovers,11,9,3,3,3,9,15,-6,12,5,1,2,2,3,8,-5,5,4,2,1,1,6,7,-1,7,,,Ewood Park,Blackburn
2008/09,9,13,Middlesbrough,12,9,3,1,5,8,15,-7,10,4,2,0,2,4,8,-4,6,5,1,1,3,4,7,-3,4,,,Riverside Stadium,Middlesbrough
2008/09,9,36,West Bromwich Albion,13,9,3,1,5,7,14,-7,10,5,2,0,3,6,9,-3,6,4,1,1,2,1,5,-4,4,,,The Hawthorns,West Bromwich
2008/09,9,7,Everton,14,9,2,3,4,13,19,-6,9,5,0,2,3,5,11,-6,2,4,2,1,1,8,8,0,7,,,Goodison Park,Liverpool
2008/09,9,39,Wigan Athletic,15,9,2,2,5,11,13,-2,8,5,1,1,3,3,8,-5,4,4,1,1,2,8,5,3,4,,,DW Stadium,Wigan
2008/09,9,34,Fulham,16,8,2,2,4,6,8,-2,8,4,2,1,1,4,3,1,7,4,0,1,3,2,5,-3,1,,,Craven Cottage,London
2008/09,9,27,Bolton Wanderers,17,9,2,2,5,8,12,-4,8,4,1,2,1,4,4,0,5,5,1,0,4,4,8,-4,3,,,Toughsheet Community Stadium,Bolton
2008/09,9,42,Stoke City,18,9,2,1,6,10,18,-8,7,4,2,0,2,7,8,-1,6,5,0,1,4,3,10,-7,1,R,EN_CH,Britannia Stadium,Stoke
2008/09,9,23,Newcastle United,19,9,1,3,5,10,17,-7,6,4,1,1,2,5,6,-1,4,5,0,2,3,5,11,-6,2,R,EN_CH,St. James' Park,Newcastle
2008/09,9,21,Tottenham Hotspur,20,9,1,2,6,7,12,-5,5,5,1,1,3,4,5,-1,4,4,0,1,3,3,7,-4,1,R,EN_CH,White Hart Lane,London
2008/09,10,10,Liverpool,1,10,8,2,0,15,6,9,26,5,4,1,0,8,4,4,13,5,4,1,0,7,2,5,13,Q,EU_CL,Anfield,Liverpool
2008/09,10,4,Chelsea,2,10,7,2,1,22,4,18,23,5,2,2,1,8,3,5,8,5,5,0,0,14,1,13,15,Q,EU_CL,Stamford Bridge,London
2008/09,10,1,Arsenal,3,10,6,2,2,22,10,12,20,5,3,1,1,12,7,5,10,5,3,1,1,10,3,7,10,Q,EU_CL,Emirates Stadium,London
2008/09,10,2,Aston Villa,4,10,6,2,2,19,12,7,20,5,3,2,0,9,5,4,11,5,3,0,2,10,7,3,9,Q,EU_CL,Villa Park,Birmingham
2008/09,10,41,Hull City,5,10,6,2,2,14,14,0,20,5,2,1,2,5,11,-6,7,5,4,1,0,9,3,6,13,Q,EU_UC,KCOM Stadium,Hull
2008/09,10,12,Manchester United,6,9,5,3,1,15,5,10,18,4,3,1,0,9,1,8,10,5,2,2,1,6,4,2,8,Q,EU_UC,Old Trafford,Manchester
2008/09,10,37,Portsmouth,7,10,4,2,4,10,15,-5,14,5,3,1,1,7,4,3,10,5,1,1,3,3,11,-8,4,Q,EU_UC,Fratton Park,Portsmouth
2008/09,10,11,Manchester City,8,10,4,1,5,23,16,7,13,5,3,0,2,15,6,9,9,5,1,1,3,8,10,-2,4,,,Etihad Stadium,Manchester
2008/09,10,13,Middlesbrough,9,10,4,1,5,10,15,-5,13,5,3,0,2,6,8,-2,9,5,1,1,3,4,7,-3,4,,,Riverside Stadium,Middlesbrough
2008/09,10,29,Sunderland,10,10,3,3,4,9,11,-2,12,5,2,1,2,5,6,-1,7,5,1,2,2,4,5,-1,5,,,Stadium of Light,Sunderland
2008/09,10,25,West Ham United,11,10,4,0,6,14,18,-4,12,5,3,0,2,10,8,2,9,5,1,0,4,4,10,-6,3,,,Boleyn Ground,London
2008/09,10,7,Everton,12,10,3,3,4,14,19,-5,12,5,0,2,3,5,11,-6,2,5,3,1,1,9,8,1,10,,,Goodison Park,Liverpool
2008/09,10,3,Blackburn Rovers,13,10,3,3,4,11,18,-7,12,5,1,2,2,3,8,-5,5,5,2,1,2,8,10,-2,7,,,Ewood Park,Blackburn
2008/09,10,34,Fulham,14,9,3,2,4,8,8,0,11,5,3,1,1,6,3,3,10,4,0,1,3,2,5,-3,1,,,Craven Cottage,London
2008/09,10,42,Stoke City,15,10,3,1,6,11,18,-7,10,5,3,0,2,8,8,0,9,5,0,1,4,3,10,-7,1,,,Britannia Stadium,Stoke
2008/09,10,36,West Bromwich Albion,16,10,3,1,6,8,16,-8,10,5,2,0,3,6,9,-3,6,5,1,1,3,2,7,-5,4,,,The Hawthorns,West Bromwich
2008/09,10,23,Newcastle United,17,10,2,3,5,12,18,-6,9,5,2,1,2,7,7,0,7,5,0,2,3,5,11,-6,2,,,St. James' Park,Newcastle
2008/09,10,39,Wigan Athletic,18,10,2,2,6,11,15,-4,8,5,1,1,3,3,8,-5,4,5,1,1,3,8,7,1,4,R,EN_CH,DW Stadium,Wigan
2008/09,10,27,Bolton Wanderers,19,10,2,2,6,8,13,-5,8,5,1,2,2,4,5,-1,5,5,1,0,4,4,8,-4,3,R,EN_CH,Toughsheet Community Stadium,Bolton
2008/09,10,21,Tottenham Hotspur,20,10,1,3,6,11,16,-5,6,5,1,1,3,4,5,-1,4,5,0,2,3,7,11,-4,2,R,EN_CH,White Hart Lane,London
2008/09,11,4,Chelsea,1,11,8,2,1,27,4,23,26,6,3,2,1,13,3,10,11,5,5,0,0,14,1,13,15,Q,EU_CL,Stamford Bridge,London
2008/09,11,10,Liverpool,2,11,8,2,1,16,8,8,26,5,4,1,0,8,4,4,13,6,4,1,1,8,4,4,13,Q,EU_CL,Anfield,Liverpool
2008/09,11,12,Manchester United,3,10,6,3,1,19,8,11,21,5,4,1,0,13,4,9,13,5,2,2,1,6,4,2,8,Q,EU_CL,Old Trafford,Manchester
2008/09,11,1,Arsenal,4,11,6,2,3,23,12,11,20,5,3,1,1,12,7,5,10,6,3,1,2,11,5,6,10,Q,EU_CL,Emirates Stadium,London
2008/09,11,2,Aston Villa,5,11,6,2,3,19,14,5,20,5,3,2,0,9,5,4,11,6,3,0,3,10,9,1,9,Q,EU_UC,Villa Park,Birmingham
2008/09,11,41,Hull City,6,11,6,2,3,17,18,-1,20,5,2,1,2,5,11,-6,7,6,4,1,1,12,7,5,13,Q,EU_UC,KCOM Stadium,Hull
2008/09,11,7,Everton,7,11,4,3,4,15,19,-4,15,6,1,2,3,6,11,-5,5,5,3,1,1,9,8,1,10,Q,EU_UC,Goodison Park,Liverpool
2008/09,11,13,Middlesbrough,8,11,4,2,5,11,16,-5,14,6,3,1,2,7,9,-2,10,5,1,1,3,4,7,-3,4,,,Riverside Stadium,Middlesbrough
2008/09,11,37,Portsmouth,9,11,4,2,5,11,17,-6,14,6,3,1,2,8,6,2,10,5,1,1,3,3,11,-8,4,,,Fratton Park,Portsmouth
2008/09,11,11,Manchester City,10,11,4,1,6,23,18,5,13,5,3,0,2,15,6,9,9,6,1,1,4,8,12,-4,4,,,Etihad Stadium,Manchester
2008/09,11,25,West Ham United,11,11,4,1,6,15,19,-4,13,5,3,0,2,10,8,2,9,6,1,1,4,5,11,-6,4,,,Boleyn Ground,London
2008/09,11,42,Stoke City,12,11,4,1,6,13,19,-6,13,6,4,0,2,10,9,1,12,5,0,1,4,3,10,-7,1,,,Britannia Stadium,Stoke
2008/09,11,3,Blackburn Rovers,13,11,3,4,4,13,20,-7,13,5,1,2,2,3,8,-5,5,6,2,2,2,10,12,-2,8,,,Ewood Park,Blackburn
2008/09,11,23,Newcastle United,14,11,3,3,5,14,18,-4,12,6,3,1,2,9,7,2,10,5,0,2,3,5,11,-6,2,,,St. James' Park,Newcastle
2008/09,11,29,Sunderland,15,11,3,3,5,9,16,-7,12,5,2,1,2,5,6,-1,7,6,1,2,3,4,10,-6,5,,,Stadium of Light,Sunderland
2008/09,11,34,Fulham,16,10,3,2,5,8,9,-1,11,5,3,1,1,6,3,3,10,5,0,1,4,2,6,-4,1,,,Craven Cottage,London
2008/09,11,39,Wigan Athletic,17,11,3,2,6,13,16,-3,11,5,1,1,3,3,8,-5,4,6,2,1,3,10,8,2,7,,,DW Stadium,Wigan
2008/09,11,27,Bolton Wanderers,18,11,3,2,6,10,13,-3,11,6,2,2,2,6,5,1,8,5,1,0,4,4,8,-4,3,R,EN_CH,Toughsheet Community Stadium,Bolton
2008/09,11,36,West Bromwich Albion,19,11,3,2,6,10,18,-8,11,6,2,1,3,8,11,-3,7,5,1,1,3,2,7,-5,4,R,EN_CH,The Hawthorns,West Bromwich
2008/09,11,21,Tottenham Hotspur,20,11,2,3,6,13,17,-4,9,6,2,1,3,6,6,0,7,5,0,2,3,7,11,-4,2,R,EN_CH,White Hart Lane,London
2008/09,12,4,Chelsea,1,12,9,2,1,29,4,25,29,6,3,2,1,13,3,10,11,6,6,0,0,16,1,15,18,Q,EU_CL,Stamford Bridge,London
2008/09,12,10,Liverpool,2,12,9,2,1,19,8,11,29,6,5,1,0,11,4,7,16,6,4,1,1,8,4,4,13,Q,EU_CL,Anfield,Liverpool
2008/09,12,1,Arsenal,3,12,7,2,3,25,13,12,23,6,4,1,1,14,8,6,13,6,3,1,2,11,5,6,10,Q,EU_CL,Emirates Stadium,London
2008/09,12,12,Manchester United,4,11,6,3,2,20,10,10,21,5,4,1,0,13,4,9,13,6,2,2,2,7,6,1,8,Q,EU_CL,Old Trafford,Manchester
2008/09,12,2,Aston Villa,5,12,6,2,4,20,16,4,20,6,3,2,1,10,7,3,11,6,3,0,3,10,9,1,9,Q,EU_UC,Villa Park,Birmingham
2008/09,12,41,Hull City,6,12,6,2,4,17,19,-2,20,6,2,1,3,5,12,-7,7,6,4,1,1,12,7,5,13,Q,EU_UC,KCOM Stadium,Hull
2008/09,12,7,Everton,7,12,5,3,4,18,20,-2,18,6,1,2,3,6,11,-5,5,6,4,1,1,12,9,3,13,Q,EU_UC,Goodison Park,Liverpool
2008/09,12,13,Middlesbrough,8,12,5,2,5,13,17,-4,17,6,3,1,2,7,9,-2,10,6,2,1,3,6,8,-2,7,,,Riverside Stadium,Middlesbrough
2008/09,12,37,Portsmouth,9,12,5,2,5,13,18,-5,17,6,3,1,2,8,6,2,10,6,2,1,3,5,12,-7,7,,,Fratton Park,Portsmouth
2008/09,12,34,Fulham,10,11,4,2,5,10,10,0,14,6,4,1,1,8,4,4,13,5,0,1,4,2,6,-4,1,,,Craven Cottage,London
2008/09,12,27,Bolton Wanderers,11,12,4,2,6,11,13,-2,14,6,2,2,2,6,5,1,8,6,2,0,4,5,8,-3,6,,,Toughsheet Community Stadium,Bolton
2008/09,12,42,Stoke City,12,12,4,2,6,13,19,-6,14,6,4,0,2,10,9,1,12,6,0,2,4,3,10,-7,2,,,Britannia Stadium,Stoke
2008/09,12,11,Manchester City,13,12,4,1,7,24,20,4,13,6,3,0,3,16,8,8,9,6,1,1,4,8,12,-4,4,,,Etihad Stadium,Manchester
2008/09,12,25,West Ham United,14,12,4,1,7,16,22,-6,13,6,3,0,3,11,11,0,9,6,1,1,4,5,11,-6,4,,,Boleyn Ground,London
2008/09,12,3,Blackburn Rovers,15,12,3,4,5,13,22,-9,13,6,1,2,3,3,10,-7,5,6,2,2,2,10,12,-2,8,,,Ewood Park,Blackburn
2008/09,12,21,Tottenham Hotspur,16,12,3,3,6,15,18,-3,12,6,2,1,3,6,6,0,7,6,1,2,3,9,12,-3,5,,,White Hart Lane,London
2008/09,12,39,Wigan Athletic,17,12,3,3,6,13,16,-3,12,6,1,2,3,3,8,-5,5,6,2,1,3,10,8,2,7,,,DW Stadium,Wigan
2008/09,12,23,Newcastle United,18,12,3,3,6,15,20,-5,12,6,3,1,2,9,7,2,10,6,0,2,4,6,13,-7,2,R,EN_CH,St. James' Park,Newcastle
2008/09,12,29,Sunderland,19,12,3,3,6,10,18,-8,12,6,2,1,3,6,8,-2,7,6,1,2,3,4,10,-6,5,R,EN_CH,Stadium of Light,Sunderland
2008/09,12,36,West Bromwich Albion,20,12,3,2,7,10,21,-11,11,6,2,1,3,8,11,-3,7,6,1,1,4,2,10,-8,4,R,EN_CH,The Hawthorns,West Bromwich
2008/09,13,4,Chelsea,1,13,10,2,1,32,4,28,32,6,3,2,1,13,3,10,11,7,7,0,0,19,1,18,21,Q,EU_CL,Stamford Bridge,London
2008/09,13,10,Liverpool,2,13,10,2,1,21,8,13,32,6,5,1,0,11,4,7,16,7,5,1,1,10,4,6,16,Q,EU_CL,Anfield,Liverpool
2008/09,13,12,Manchester United,3,12,7,3,2,25,10,15,24,6,5,1,0,18,4,14,16,6,2,2,2,7,6,1,8,Q,EU_CL,Old Trafford,Manchester
2008/09,13,1,Arsenal,4,13,7,2,4,25,15,10,23,7,4,1,2,14,10,4,13,6,3,1,2,11,5,6,10,Q,EU_CL,Emirates Stadium,London
2008/09,13,2,Aston Villa,5,13,7,2,4,22,16,6,23,6,3,2,1,10,7,3,11,7,4,0,3,12,9,3,12,Q,EU_UC,Villa Park,Birmingham
2008/09,13,41,Hull City,6,13,6,3,4,19,21,-2,21,7,2,2,3,7,14,-7,8,6,4,1,1,12,7,5,13,Q,EU_UC,KCOM Stadium,Hull
2008/09,13,7,Everton,7,13,5,4,4,19,21,-2,19,7,1,3,3,7,12,-5,6,6,4,1,1,12,9,3,13,Q,EU_UC,Goodison Park,Liverpool
2008/09,13,13,Middlesbrough,8,13,5,3,5,14,18,-4,18,6,3,1,2,7,9,-2,10,7,2,2,3,7,9,-2,8,,,Riverside Stadium,Middlesbrough
2008/09,13,37,Portsmouth,9,13,5,3,5,13,18,-5,18,6,3,1,2,8,6,2,10,7,2,2,3,5,12,-7,8,,,Fratton Park,Portsmouth
2008/09,13,34,Fulham,10,12,5,2,5,12,11,1,17,7,5,1,1,10,5,5,16,5,0,1,4,2,6,-4,1,,,Craven Cottage,London
2008/09,13,29,Sunderland,11,13,4,3,6,12,19,-7,15,6,2,1,3,6,8,-2,7,7,2,2,3,6,11,-5,8,,,Stadium of Light,Sunderland
2008/09,13,11,Manchester City,12,13,4,2,7,26,22,4,14,6,3,0,3,16,8,8,9,7,1,2,4,10,14,-4,5,,,Etihad Stadium,Manchester
2008/09,13,27,Bolton Wanderers,13,13,4,2,7,11,15,-4,14,7,2,2,3,6,7,-1,8,6,2,0,4,5,8,-3,6,,,Toughsheet Community Stadium,Bolton
2008/09,13,25,West Ham United,14,13,4,2,7,16,22,-6,14,7,3,1,3,11,11,0,10,6,1,1,4,5,11,-6,4,,,Boleyn Ground,London
2008/09,13,42,Stoke City,15,13,4,2,7,13,24,-11,14,6,4,0,2,10,9,1,12,7,0,2,5,3,15,-12,2,,,Britannia Stadium,Stoke
2008/09,13,39,Wigan Athletic,16,13,3,4,6,15,18,-3,13,6,1,2,3,3,8,-5,5,7,2,2,3,12,10,2,8,,,DW Stadium,Wigan
2008/09,13,23,Newcastle United,17,13,3,4,6,17,22,-5,13,7,3,2,2,11,9,2,11,6,0,2,4,6,13,-7,2,,,St. James' Park,Newcastle
2008/09,13,3,Blackburn Rovers,18,13,3,4,6,14,24,-10,13,7,1,2,4,4,12,-8,5,6,2,2,2,10,12,-2,8,R,EN_CH,Ewood Park,Blackburn
2008/09,13,21,Tottenham Hotspur,19,13,3,3,7,16,20,-4,12,6,2,1,3,6,6,0,7,7,1,2,4,10,14,-4,5,R,EN_CH,White Hart Lane,London
2008/09,13,36,West Bromwich Albion,20,13,3,2,8,10,24,-14,11,7,2,1,4,8,14,-6,7,6,1,1,4,2,10,-8,4,R,EN_CH,The Hawthorns,West Bromwich
2008/09,14,4,Chelsea,1,14,10,3,1,32,4,28,33,7,3,3,1,13,3,10,12,7,7,0,0,19,1,18,21,Q,EU_CL,Stamford Bridge,London
2008/09,14,10,Liverpool,2,14,10,3,1,21,8,13,33,7,5,2,0,11,4,7,17,7,5,1,1,10,4,6,16,Q,EU_CL,Anfield,Liverpool
2008/09,14,12,Manchester United,3,13,7,4,2,25,10,15,25,6,5,1,0,18,4,14,16,7,2,3,2,7,6,1,9,Q,EU_CL,Old Trafford,Manchester
2008/09,14,2,Aston Villa,4,14,7,3,4,22,16,6,24,7,3,3,1,10,7,3,12,7,4,0,3,12,9,3,12,Q,EU_CL,Villa Park,Birmingham
2008/09,14,1,Arsenal,5,14,7,2,5,25,18,7,23,7,4,1,2,14,10,4,13,7,3,1,3,11,8,3,10,Q,EU_UC,Emirates Stadium,London
2008/09,14,41,Hull City,6,14,6,4,4,21,23,-2,22,7,2,2,3,7,14,-7,8,7,4,2,1,14,9,5,14,Q,EU_UC,KCOM Stadium,Hull
2008/09,14,7,Everton,7,14,5,4,5,19,22,-3,19,7,1,3,3,7,12,-5,6,7,4,1,2,12,10,2,13,Q,EU_UC,Goodison Park,Liverpool
2008/09,14,37,Portsmouth,8,14,5,4,5,15,20,-5,19,7,3,2,2,10,8,2,11,7,2,2,3,5,12,-7,8,,,Fratton Park,Portsmouth
2008/09,14,34,Fulham,9,13,5,3,5,12,11,1,18,7,5,1,1,10,5,5,16,6,0,2,4,2,6,-4,2,,,Craven Cottage,London
2008/09,14,13,Middlesbrough,10,14,5,3,6,15,21,-6,18,7,3,1,3,8,12,-4,10,7,2,2,3,7,9,-2,8,,,Riverside Stadium,Middlesbrough
2008/09,14,11,Manchester City,11,14,5,2,7,29,22,7,17,7,4,0,3,19,8,11,12,7,1,2,4,10,14,-4,5,,,Etihad Stadium,Manchester
2008/09,14,27,Bolton Wanderers,12,14,5,2,7,14,16,-2,17,7,2,2,3,6,7,-1,8,7,3,0,4,8,9,-1,9,,,Toughsheet Community Stadium,Bolton
2008/09,14,25,West Ham United,13,14,5,2,7,17,22,-5,17,7,3,1,3,11,11,0,10,7,2,1,4,6,11,-5,7,,,Boleyn Ground,London
2008/09,14,42,Stoke City,14,14,5,2,7,14,24,-10,17,7,5,0,2,11,9,2,15,7,0,2,5,3,15,-12,2,,,Britannia Stadium,Stoke
2008/09,14,39,Wigan Athletic,15,14,4,4,6,16,18,-2,16,7,2,2,3,4,8,-4,8,7,2,2,3,12,10,2,8,,,DW Stadium,Wigan
2008/09,14,21,Tottenham Hotspur,16,14,4,3,7,17,20,-3,15,7,3,1,3,7,6,1,10,7,1,2,4,10,14,-4,5,,,White Hart Lane,London
2008/09,14,29,Sunderland,17,14,4,3,7,12,20,-8,15,7,2,1,4,6,9,-3,7,7,2,2,3,6,11,-5,8,,,Stadium of Light,Sunderland
2008/09,14,23,Newcastle United,18,14,3,5,6,17,22,-5,14,7,3,2,2,11,9,2,11,7,0,3,4,6,13,-7,3,R,EN_CH,St. James' Park,Newcastle
2008/09,14,3,Blackburn Rovers,19,14,3,4,7,14,25,-11,13,7,1,2,4,4,12,-8,5,7,2,2,3,10,13,-3,8,R,EN_CH,Ewood Park,Blackburn
2008/09,14,36,West Bromwich Albion,20,14,3,2,9,10,25,-15,11,7,2,1,4,8,14,-6,7,7,1,1,5,2,11,-9,4,R,EN_CH,The Hawthorns,West Bromwich
2008/09,15,10,Liverpool,1,15,10,4,1,21,8,13,34,8,5,3,0,11,4,7,18,7,5,1,1,10,4,6,16,Q,EU_CL,Anfield,Liverpool
2008/09,15,4,Chelsea,2,15,10,3,2,33,6,27,33,8,3,3,2,14,5,9,12,7,7,0,0,19,1,18,21,Q,EU_CL,Stamford Bridge,London
2008/09,15,12,Manchester United,3,14,8,4,2,26,10,16,28,6,5,1,0,18,4,14,16,8,3,3,2,8,6,2,12,Q,EU_CL,Old Trafford,Manchester
2008/09,15,1,Arsenal,4,15,8,2,5,27,19,8,26,7,4,1,2,14,10,4,13,8,4,1,3,13,9,4,13,Q,EU_CL,Emirates Stadium,London
2008/09,15,2,Aston Villa,5,15,7,4,4,22,16,6,25,8,3,4,1,10,7,3,13,7,4,0,3,12,9,3,12,Q,EU_UC,Villa Park,Birmingham
2008/09,15,41,Hull City,6,15,6,5,4,22,24,-2,23,7,2,2,3,7,14,-7,8,8,4,3,1,15,10,5,15,Q,EU_UC,KCOM Stadium,Hull
2008/09,15,7,Everton,7,15,6,4,5,20,22,-2,22,7,1,3,3,7,12,-5,6,8,5,1,2,13,10,3,16,Q,EU_UC,Goodison Park,Liverpool
2008/09,15,37,Portsmouth,8,15,6,4,5,18,22,-4,22,8,4,2,2,13,10,3,14,7,2,2,3,5,12,-7,8,,,Fratton Park,Portsmouth
2008/09,15,27,Bolton Wanderers,9,15,6,2,7,18,17,1,20,7,2,2,3,6,7,-1,8,8,4,0,4,12,10,2,12,,,Toughsheet Community Stadium,Bolton
2008/09,15,34,Fulham,10,14,5,4,5,12,11,1,19,7,5,1,1,10,5,5,16,7,0,3,4,2,6,-4,3,,,Craven Cottage,London
2008/09,15,39,Wigan Athletic,11,15,5,4,6,18,19,-1,19,8,3,2,3,6,9,-3,11,7,2,2,3,12,10,2,8,,,DW Stadium,Wigan
2008/09,15,13,Middlesbrough,12,15,5,4,6,15,21,-6,19,8,3,2,3,8,12,-4,11,7,2,2,3,7,9,-2,8,,,Riverside Stadium,Middlesbrough
2008/09,15,25,West Ham United,13,15,5,3,7,17,22,-5,18,7,3,1,3,11,11,0,10,8,2,2,4,6,11,-5,8,,,Boleyn Ground,London
2008/09,15,42,Stoke City,14,15,5,3,7,15,25,-10,18,8,5,1,2,12,10,2,16,7,0,2,5,3,15,-12,2,,,Britannia Stadium,Stoke
2008/09,15,11,Manchester City,15,15,5,2,8,29,23,6,17,8,4,0,4,19,9,10,12,7,1,2,4,10,14,-4,5,,,Etihad Stadium,Manchester
2008/09,15,21,Tottenham Hotspur,16,15,4,3,8,17,21,-4,15,8,3,1,4,7,7,0,10,7,1,2,4,10,14,-4,5,,,White Hart Lane,London
2008/09,15,23,Newcastle United,17,15,3,6,6,17,22,-5,15,7,3,2,2,11,9,2,11,8,0,4,4,6,13,-7,4,,,St. James' Park,Newcastle
2008/09,15,29,Sunderland,18,15,4,3,8,13,24,-11,15,8,2,1,5,7,13,-6,7,7,2,2,3,6,11,-5,8,R,EN_CH,Stadium of Light,Sunderland
2008/09,15,3,Blackburn Rovers,19,15,3,4,8,16,28,-12,13,7,1,2,4,4,12,-8,5,8,2,2,4,12,16,-4,8,R,EN_CH,Ewood Park,Blackburn
2008/09,15,36,West Bromwich Albion,20,15,3,2,10,11,27,-16,11,7,2,1,4,8,14,-6,7,8,1,1,6,3,13,-10,4,R,EN_CH,The Hawthorns,West Bromwich
2008/09,16,10,Liverpool,1,16,11,4,1,24,9,15,37,8,5,3,0,11,4,7,18,8,6,1,1,13,5,8,19,Q,EU_CL,Anfield,Liverpool
2008/09,16,4,Chelsea,2,16,11,3,2,35,6,29,36,8,3,3,2,14,5,9,12,8,8,0,0,21,1,20,24,Q,EU_CL,Stamford Bridge,London
2008/09,16,12,Manchester United,3,15,9,4,2,27,10,17,31,7,6,1,0,19,4,15,19,8,3,3,2,8,6,2,12,Q,EU_CL,Old Trafford,Manchester
2008/09,16,1,Arsenal,4,16,9,2,5,28,19,9,29,8,5,1,2,15,10,5,16,8,4,1,3,13,9,4,13,Q,EU_CL,Emirates Stadium,London
2008/09,16,2,Aston Villa,5,16,8,4,4,25,18,7,28,8,3,4,1,10,7,3,13,8,5,0,3,15,11,4,15,Q,EU_UC,Villa Park,Birmingham
2008/09,16,41,Hull City,6,16,7,5,4,24,25,-1,26,8,3,2,3,9,15,-6,11,8,4,3,1,15,10,5,15,Q,EU_UC,KCOM Stadium,Hull
2008/09,16,37,Portsmouth,7,16,6,5,5,19,23,-4,23,8,4,2,2,13,10,3,14,8,2,3,3,6,13,-7,9,Q,EU_UC,Fratton Park,Portsmouth
2008/09,16,7,Everton,8,16,6,4,6,22,25,-3,22,8,1,3,4,9,15,-6,6,8,5,1,2,13,10,3,16,,,Goodison Park,Liverpool
2008/09,16,34,Fulham,9,15,5,5,5,13,12,1,20,8,5,2,1,11,6,5,17,7,0,3,4,2,6,-4,3,,,Craven Cottage,London
2008/09,16,27,Bolton Wanderers,10,16,6,2,8,18,19,-1,20,8,2,2,4,6,9,-3,8,8,4,0,4,12,10,2,12,,,Toughsheet Community Stadium,Bolton
2008/09,16,39,Wigan Athletic,11,16,5,4,7,18,20,-2,19,8,3,2,3,6,9,-3,11,8,2,2,4,12,11,1,8,,,DW Stadium,Wigan
2008/09,16,13,Middlesbrough,12,16,5,4,7,16,23,-7,19,8,3,2,3,8,12,-4,11,8,2,2,4,8,11,-3,8,,,Riverside Stadium,Middlesbrough
2008/09,16,42,Stoke City,13,16,5,4,7,17,27,-10,19,8,5,1,2,12,10,2,16,8,0,3,5,5,17,-12,3,,,Britannia Stadium,Stoke
2008/09,16,11,Manchester City,14,16,5,3,8,30,24,6,18,8,4,0,4,19,9,10,12,8,1,3,4,11,15,-4,6,,,Etihad Stadium,Manchester
2008/09,16,21,Tottenham Hotspur,15,16,5,3,8,19,21,-2,18,8,3,1,4,7,7,0,10,8,2,2,4,12,14,-2,8,,,White Hart Lane,London
2008/09,16,25,West Ham United,16,16,5,3,8,17,24,-7,18,8,3,1,4,11,13,-2,10,8,2,2,4,6,11,-5,8,,,Boleyn Ground,London
2008/09,16,23,Newcastle United,17,16,3,7,6,19,24,-5,16,8,3,3,2,13,11,2,12,8,0,4,4,6,13,-7,4,,,St. James' Park,Newcastle
2008/09,16,29,Sunderland,18,16,4,3,9,13,25,-12,15,8,2,1,5,7,13,-6,7,8,2,2,4,6,12,-6,8,R,EN_CH,Stadium of Light,Sunderland
2008/09,16,3,Blackburn Rovers,19,16,3,4,9,17,31,-14,13,8,1,2,5,5,15,-10,5,8,2,2,4,12,16,-4,8,R,EN_CH,Ewood Park,Blackburn
2008/09,16,36,West Bromwich Albion,20,16,3,3,10,12,28,-16,12,8,2,2,4,9,15,-6,8,8,1,1,6,3,13,-10,4,R,EN_CH,The Hawthorns,West Bromwich
2008/09,17,10,Liverpool,1,17,11,5,1,26,11,15,38,9,5,4,0,13,6,7,19,8,6,1,1,13,5,8,19,Q,EU_CL,Anfield,Liverpool
2008/09,17,4,Chelsea,2,17,11,4,2,36,7,29,37,9,3,4,2,15,6,9,13,8,8,0,0,21,1,20,24,Q,EU_CL,Stamford Bridge,London
2008/09,17,12,Manchester United,3,16,9,5,2,27,10,17,32,7,6,1,0,19,4,15,19,9,3,4,2,8,6,2,13,Q,EU_CL,Old Trafford,Manchester
2008/09,17,2,Aston Villa,4,17,9,4,4,29,20,9,31,9,4,4,1,14,9,5,16,8,5,0,3,15,11,4,15,Q,EU_CL,Villa Park,Birmingham
2008/09,17,1,Arsenal,5,17,9,3,5,29,20,9,30,8,5,1,2,15,10,5,16,9,4,2,3,14,10,4,14,Q,EU_UC,Emirates Stadium,London
2008/09,17,41,Hull City,6,17,7,6,4,26,27,-1,27,8,3,2,3,9,15,-6,11,9,4,4,1,17,12,5,16,Q,EU_UC,KCOM Stadium,Hull
2008/09,17,7,Everton,7,17,7,4,6,23,25,-2,25,8,1,3,4,9,15,-6,6,9,6,1,2,14,10,4,19,Q,EU_UC,Goodison Park,Liverpool
2008/09,17,37,Portsmouth,8,17,6,5,6,19,26,-7,23,9,4,2,3,13,13,0,14,8,2,3,3,6,13,-7,9,,,Fratton Park,Portsmouth
2008/09,17,39,Wigan Athletic,9,17,6,4,7,21,20,1,22,9,4,2,3,9,9,0,14,8,2,2,4,12,11,1,8,,,DW Stadium,Wigan
2008/09,17,34,Fulham,10,16,5,6,5,13,12,1,21,8,5,2,1,11,6,5,17,8,0,4,4,2,6,-4,4,,,Craven Cottage,London
2008/09,17,27,Bolton Wanderers,11,17,6,2,9,20,23,-3,20,8,2,2,4,6,9,-3,8,9,4,0,5,14,14,0,12,,,Toughsheet Community Stadium,Bolton
2008/09,17,13,Middlesbrough,12,17,5,5,7,17,24,-7,20,9,3,3,3,9,13,-4,12,8,2,2,4,8,11,-3,8,,,Riverside Stadium,Middlesbrough
2008/09,17,42,Stoke City,13,17,5,5,7,17,27,-10,20,9,5,2,2,12,10,2,17,8,0,3,5,5,17,-12,3,,,Britannia Stadium,Stoke
2008/09,17,23,Newcastle United,14,17,4,7,6,22,24,-2,19,8,3,3,2,13,11,2,12,9,1,4,4,9,13,-4,7,,,St. James' Park,Newcastle
2008/09,17,21,Tottenham Hotspur,15,17,5,4,8,19,21,-2,19,9,3,2,4,7,7,0,11,8,2,2,4,12,14,-2,8,,,White Hart Lane,London
2008/09,17,25,West Ham United,16,17,5,4,8,18,25,-7,19,8,3,1,4,11,13,-2,10,9,2,3,4,7,12,-5,9,,,Boleyn Ground,London
2008/09,17,11,Manchester City,17,17,5,3,9,30,25,5,18,9,4,0,5,19,10,9,12,8,1,3,4,11,15,-4,6,,,Etihad Stadium,Manchester
2008/09,17,29,Sunderland,18,17,5,3,9,17,25,-8,18,9,3,1,5,11,13,-2,10,8,2,2,4,6,12,-6,8,R,EN_CH,Stadium of Light,Sunderland
2008/09,17,3,Blackburn Rovers,19,17,3,4,10,17,34,-17,13,8,1,2,5,5,15,-10,5,9,2,2,5,12,19,-7,8,R,EN_CH,Ewood Park,Blackburn
2008/09,17,36,West Bromwich Albion,20,17,3,3,11,12,32,-20,12,8,2,2,4,9,15,-6,8,9,1,1,7,3,17,-14,4,R,EN_CH,The Hawthorns,West Bromwich
2008/09,18,10,Liverpool,1,18,11,6,1,27,12,15,39,9,5,4,0,13,6,7,19,9,6,2,1,14,6,8,20,Q,EU_CL,Anfield,Liverpool
2008/09,18,4,Chelsea,2,18,11,5,2,36,7,29,38,9,3,4,2,15,6,9,13,9,8,1,0,21,1,20,25,Q,EU_CL,Stamford Bridge,London
2008/09,18,2,Aston Villa,3,18,10,4,4,30,20,10,34,9,4,4,1,14,9,5,16,9,6,0,3,16,11,5,18,Q,EU_CL,Villa Park,Birmingham
2008/09,18,12,Manchester United,4,16,9,5,2,27,10,17,32,7,6,1,0,19,4,15,19,9,3,4,2,8,6,2,13,Q,EU_CL,Old Trafford,Manchester
2008/09,18,1,Arsenal,5,18,9,4,5,30,21,9,31,9,5,2,2,16,11,5,17,9,4,2,3,14,10,4,14,Q,EU_UC,Emirates Stadium,London
2008/09,18,41,Hull City,6,18,7,6,5,27,31,-4,27,9,3,2,4,10,19,-9,11,9,4,4,1,17,12,5,16,Q,EU_UC,KCOM Stadium,Hull
2008/09,18,7,Everton,7,18,7,5,6,23,25,-2,26,9,1,4,4,9,15,-6,7,9,6,1,2,14,10,4,19,Q,EU_UC,Goodison Park,Liverpool
2008/09,18,34,Fulham,8,17,6,6,5,16,12,4,24,9,6,2,1,14,6,8,20,8,0,4,4,2,6,-4,4,,,Craven Cottage,London
2008/09,18,27,Bolton Wanderers,9,18,7,2,9,22,24,-2,23,9,3,2,4,8,10,-2,11,9,4,0,5,14,14,0,12,,,Toughsheet Community Stadium,Bolton
2008/09,18,37,Portsmouth,10,18,6,5,7,20,28,-8,23,9,4,2,3,13,13,0,14,9,2,3,4,7,15,-8,9,,,Fratton Park,Portsmouth
2008/09,18,39,Wigan Athletic,11,17,6,4,7,21,20,1,22,9,4,2,3,9,9,0,14,8,2,2,4,12,11,1,8,,,DW Stadium,Wigan
2008/09,18,23,Newcastle United,12,18,5,7,6,24,25,-1,22,9,4,3,2,15,12,3,15,9,1,4,4,9,13,-4,7,,,St. James' Park,Newcastle
2008/09,18,29,Sunderland,13,18,6,3,9,21,26,-5,21,9,3,1,5,11,13,-2,10,9,3,2,4,10,13,-3,11,,,Stadium of Light,Sunderland
2008/09,18,13,Middlesbrough,14,18,5,5,8,17,27,-10,20,9,3,3,3,9,13,-4,12,9,2,2,5,8,14,-6,8,,,Riverside Stadium,Middlesbrough
2008/09,18,42,Stoke City,15,18,5,5,8,17,30,-13,20,9,5,2,2,12,10,2,17,9,0,3,6,5,20,-15,3,,,Britannia Stadium,Stoke
2008/09,18,21,Tottenham Hotspur,16,18,5,4,9,20,23,-3,19,9,3,2,4,7,7,0,11,9,2,2,5,13,16,-3,8,,,White Hart Lane,London
2008/09,18,25,West Ham United,17,18,5,4,9,18,26,-8,19,9,3,1,5,11,14,-3,10,9,2,3,4,7,12,-5,9,,,Boleyn Ground,London
2008/09,18,11,Manchester City,18,18,5,3,10,31,27,4,18,9,4,0,5,19,10,9,12,9,1,3,5,12,17,-5,6,R,EN_CH,Etihad Stadium,Manchester
2008/09,18,3,Blackburn Rovers,19,18,4,4,10,20,34,-14,16,9,2,2,5,8,15,-7,8,9,2,2,5,12,19,-7,8,R,EN_CH,Ewood Park,Blackburn
2008/09,18,36,West Bromwich Albion,20,18,4,3,11,14,33,-19,15,9,3,2,4,11,16,-5,11,9,1,1,7,3,17,-14,4,R,EN_CH,The Hawthorns,West Bromwich
2008/09,19,10,Liverpool,1,19,12,6,1,30,12,18,42,10,6,4,0,16,6,10,22,9,6,2,1,14,6,8,20,Q,EU_CL,Anfield,Liverpool
2008/09,19,4,Chelsea,2,19,12,5,2,38,7,31,41,10,4,4,2,17,6,11,16,9,8,1,0,21,1,20,25,Q,EU_CL,Stamford Bridge,London
2008/09,19,12,Manchester United,3,17,10,5,2,28,10,18,35,7,6,1,0,19,4,15,19,10,4,4,2,9,6,3,16,Q,EU_CL,Old Trafford,Manchester
2008/09,19,2,Aston Villa,4,19,10,5,4,32,22,10,35,10,4,5,1,16,11,5,17,9,6,0,3,16,11,5,18,Q,EU_CL,Villa Park,Birmingham
2008/09,19,1,Arsenal,5,19,9,5,5,32,23,9,32,9,5,2,2,16,11,5,17,10,4,3,3,16,12,4,15,Q,EU_UC,Emirates Stadium,London
2008/09,19,7,Everton,6,19,8,5,6,24,25,-1,29,9,1,4,4,9,15,-6,7,10,7,1,2,15,10,5,22,Q,EU_UC,Goodison Park,Liverpool
2008/09,19,41,Hull City,7,19,7,6,6,28,36,-8,27,9,3,2,4,10,19,-9,11,10,4,4,2,18,17,1,16,Q,EU_UC,KCOM Stadium,Hull
2008/09,19,34,Fulham,8,18,6,7,5,16,12,4,25,9,6,2,1,14,6,8,20,9,0,5,4,2,6,-4,5,,,Craven Cottage,London
2008/09,19,39,Wigan Athletic,9,18,7,4,7,23,21,2,25,10,5,2,3,11,10,1,17,8,2,2,4,12,11,1,8,,,DW Stadium,Wigan
2008/09,19,27,Bolton Wanderers,10,19,7,2,10,22,27,-5,23,9,3,2,4,8,10,-2,11,10,4,0,6,14,17,-3,12,,,Toughsheet Community Stadium,Bolton
2008/09,19,37,Portsmouth,11,19,6,5,8,21,32,-11,23,10,4,2,4,14,17,-3,14,9,2,3,4,7,15,-8,9,,,Fratton Park,Portsmouth
2008/09,19,23,Newcastle United,12,19,5,7,7,25,27,-2,22,9,4,3,2,15,12,3,15,10,1,4,5,10,15,-5,7,,,St. James' Park,Newcastle
2008/09,19,25,West Ham United,13,19,6,4,9,22,27,-5,22,9,3,1,5,11,14,-3,10,10,3,3,4,11,13,-2,12,,,Boleyn Ground,London
2008/09,19,29,Sunderland,14,19,6,4,9,21,26,-5,22,10,3,2,5,11,13,-2,11,9,3,2,4,10,13,-3,11,,,Stadium of Light,Sunderland
2008/09,19,11,Manchester City,15,19,6,3,10,36,28,8,21,10,5,0,5,24,11,13,15,9,1,3,5,12,17,-5,6,,,Etihad Stadium,Manchester
2008/09,19,21,Tottenham Hotspur,16,19,5,5,9,20,23,-3,20,10,3,3,4,7,7,0,12,9,2,2,5,13,16,-3,8,,,White Hart Lane,London
2008/09,19,13,Middlesbrough,17,19,5,5,9,17,28,-11,20,10,3,3,4,9,14,-5,12,9,2,2,5,8,14,-6,8,,,Riverside Stadium,Middlesbrough
2008/09,19,42,Stoke City,18,19,5,5,9,17,31,-14,20,10,5,2,3,12,11,1,17,9,0,3,6,5,20,-15,3,R,EN_CH,Britannia Stadium,Stoke
2008/09,19,3,Blackburn Rovers,19,19,4,5,10,20,34,-14,17,9,2,2,5,8,15,-7,8,10,2,3,5,12,19,-7,9,R,EN_CH,Ewood Park,Blackburn
2008/09,19,36,West Bromwich Albion,20,19,4,3,12,14,35,-21,15,9,3,2,4,11,16,-5,11,10,1,1,8,3,19,-16,4,R,EN_CH,The Hawthorns,West Bromwich
2008/09,20,10,Liverpool,1,20,13,6,1,35,13,22,45,10,6,4,0,16,6,10,22,10,7,2,1,19,7,12,23,Q,EU_CL,Anfield,Liverpool
2008/09,20,4,Chelsea,2,20,12,6,2,40,9,31,42,10,4,4,2,17,6,11,16,10,8,2,0,23,3,20,26,Q,EU_CL,Stamford Bridge,London
2008/09,20,12,Manchester United,3,18,11,5,2,29,10,19,38,8,7,1,0,20,4,16,22,10,4,4,2,9,6,3,16,Q,EU_CL,Old Trafford,Manchester
2008/09,20,2,Aston Villa,4,20,11,5,4,33,22,11,38,10,4,5,1,16,11,5,17,10,7,0,3,17,11,6,21,Q,EU_CL,Villa Park,Birmingham
2008/09,20,1,Arsenal,5,20,10,5,5,33,23,10,35,10,6,2,2,17,11,6,20,10,4,3,3,16,12,4,15,Q,EU_UC,Emirates Stadium,London
2008/09,20,7,Everton,6,20,9,5,6,27,25,2,32,10,2,4,4,12,15,-3,10,10,7,1,2,15,10,5,22,Q,EU_UC,Goodison Park,Liverpool
2008/09,20,39,Wigan Athletic,7,19,8,4,7,24,21,3,28,10,5,2,3,11,10,1,17,9,3,2,4,13,11,2,11,Q,EU_UC,DW Stadium,Wigan
2008/09,20,41,Hull City,8,20,7,6,7,28,37,-9,27,10,3,2,5,10,20,-10,11,10,4,4,2,18,17,1,16,,,KCOM Stadium,Hull
2008/09,20,34,Fulham,9,19,6,8,5,18,14,4,26,10,6,3,1,16,8,8,21,9,0,5,4,2,6,-4,5,,,Craven Cottage,London
2008/09,20,25,West Ham United,10,20,7,4,9,24,28,-4,25,10,4,1,5,13,15,-2,13,10,3,3,4,11,13,-2,12,,,Boleyn Ground,London
2008/09,20,27,Bolton Wanderers,11,20,7,2,11,22,28,-6,23,10,3,2,5,8,11,-3,11,10,4,0,6,14,17,-3,12,,,Toughsheet Community Stadium,Bolton
2008/09,20,37,Portsmouth,12,20,6,5,9,21,33,-12,23,10,4,2,4,14,17,-3,14,10,2,3,5,7,16,-9,9,,,Fratton Park,Portsmouth
2008/09,20,11,Manchester City,13,20,6,4,10,38,30,8,22,10,5,0,5,24,11,13,15,10,1,4,5,14,19,-5,7,,,Etihad Stadium,Manchester
2008/09,20,23,Newcastle United,14,20,5,7,8,26,32,-6,22,10,4,3,3,16,17,-1,15,10,1,4,5,10,15,-5,7,,,St. James' Park,Newcastle
2008/09,20,29,Sunderland,15,20,6,4,10,21,29,-8,22,10,3,2,5,11,13,-2,11,10,3,2,5,10,16,-6,11,,,Stadium of Light,Sunderland
2008/09,20,21,Tottenham Hotspur,16,20,5,5,10,20,25,-5,20,10,3,3,4,7,7,0,12,10,2,2,6,13,18,-5,8,,,White Hart Lane,London
2008/09,20,13,Middlesbrough,17,20,5,5,10,17,29,-12,20,10,3,3,4,9,14,-5,12,10,2,2,6,8,15,-7,8,,,Riverside Stadium,Middlesbrough
2008/09,20,42,Stoke City,18,20,5,5,10,18,33,-15,20,10,5,2,3,12,11,1,17,10,0,3,7,6,22,-16,3,R,EN_CH,Britannia Stadium,Stoke
2008/09,20,3,Blackburn Rovers,19,20,4,6,10,22,36,-14,18,10,2,3,5,10,17,-7,9,10,2,3,5,12,19,-7,9,R,EN_CH,Ewood Park,Blackburn
2008/09,20,36,West Bromwich Albion,20,20,5,3,12,16,35,-19,18,10,4,2,4,13,16,-3,14,10,1,1,8,3,19,-16,4,R,EN_CH,The Hawthorns,West Bromwich
2008/09,21,10,Liverpool,1,21,13,7,1,35,13,22,46,10,6,4,0,16,6,10,22,11,7,3,1,19,7,12,24,Q,EU_CL,Anfield,Liverpool
2008/09,21,12,Manchester United,2,20,13,5,2,33,10,23,44,10,9,1,0,24,4,20,28,10,4,4,2,9,6,3,16,Q,EU_CL,Old Trafford,Manchester
2008/09,21,4,Chelsea,3,21,12,6,3,40,12,28,42,10,4,4,2,17,6,11,16,11,8,2,1,23,6,17,26,Q,EU_CL,Stamford Bridge,London
2008/09,21,2,Aston Villa,4,21,12,5,4,35,23,12,41,11,5,5,1,18,12,6,20,10,7,0,3,17,11,6,21,Q,EU_CL,Villa Park,Birmingham
2008/09,21,1,Arsenal,5,21,11,5,5,34,23,11,38,11,7,2,2,18,11,7,23,10,4,3,3,16,12,4,15,Q,EU_UC,Emirates Stadium,London
2008/09,21,7,Everton,6,21,10,5,6,29,25,4,35,11,3,4,4,14,15,-1,13,10,7,1,2,15,10,5,22,Q,EU_UC,Goodison Park,Liverpool
2008/09,21,39,Wigan Athletic,7,21,9,4,8,25,22,3,31,11,6,2,3,12,10,2,20,10,3,2,5,13,12,1,11,Q,EU_UC,DW Stadium,Wigan
2008/09,21,41,Hull City,8,21,7,6,8,28,39,-11,27,10,3,2,5,10,20,-10,11,11,4,4,3,18,19,-1,16,,,KCOM Stadium,Hull
2008/09,21,34,Fulham,9,19,6,8,5,18,14,4,26,10,6,3,1,16,8,8,21,9,0,5,4,2,6,-4,5,,,Craven Cottage,London
2008/09,21,25,West Ham United,10,21,7,5,9,26,30,-4,26,10,4,1,5,13,15,-2,13,11,3,4,4,13,15,-2,13,,,Boleyn Ground,London
2008/09,21,23,Newcastle United,11,21,5,8,8,28,34,-6,23,11,4,4,3,18,19,-1,16,10,1,4,5,10,15,-5,7,,,St. James' Park,Newcastle
2008/09,21,27,Bolton Wanderers,12,21,7,2,12,22,29,-7,23,10,3,2,5,8,11,-3,11,11,4,0,7,14,18,-4,12,,,Toughsheet Community Stadium,Bolton
2008/09,21,29,Sunderland,13,21,6,5,10,22,30,-8,23,10,3,2,5,11,13,-2,11,11,3,3,5,11,17,-6,12,,,Stadium of Light,Sunderland
2008/09,21,37,Portsmouth,14,20,6,5,9,21,33,-12,23,10,4,2,4,14,17,-3,14,10,2,3,5,7,16,-9,9,,,Fratton Park,Portsmouth
2008/09,21,11,Manchester City,15,20,6,4,10,38,30,8,22,10,5,0,5,24,11,13,15,10,1,4,5,14,19,-5,7,,,Etihad Stadium,Manchester
2008/09,21,13,Middlesbrough,16,21,5,6,10,18,30,-12,21,11,3,4,4,10,15,-5,13,10,2,2,6,8,15,-7,8,,,Riverside Stadium,Middlesbrough
2008/09,21,42,Stoke City,17,21,5,6,10,18,33,-15,21,11,5,3,3,12,11,1,18,10,0,3,7,6,22,-16,3,,,Britannia Stadium,Stoke
2008/09,21,21,Tottenham Hotspur,18,21,5,5,11,20,26,-6,20,10,3,3,4,7,7,0,12,11,2,2,7,13,19,-6,8,R,EN_CH,White Hart Lane,London
2008/09,21,3,Blackburn Rovers,19,20,4,6,10,22,36,-14,18,10,2,3,5,10,17,-7,9,10,2,3,5,12,19,-7,9,R,EN_CH,Ewood Park,Blackburn
2008/09,21,36,West Bromwich Albion,20,21,5,3,13,17,37,-20,18,10,4,2,4,13,16,-3,14,11,1,1,9,4,21,-17,4,R,EN_CH,The Hawthorns,West Bromwich
2008/09,22,12,Manchester United,1,21,14,5,2,34,10,24,47,10,9,1,0,24,4,20,28,11,5,4,2,10,6,4,19,Q,EU_CL,Old Trafford,Manchester
2008/09,22,10,Liverpool,2,22,13,8,1,36,14,22,47,11,6,5,0,17,7,10,23,11,7,3,1,19,7,12,24,Q,EU_CL,Anfield,Liverpool
2008/09,22,4,Chelsea,3,22,13,6,3,42,13,29,45,11,5,4,2,19,7,12,19,11,8,2,1,23,6,17,26,Q,EU_CL,Stamford Bridge,London
2008/09,22,2,Aston Villa,4,22,13,5,4,37,24,13,44,11,5,5,1,18,12,6,20,11,8,0,3,19,12,7,24,Q,EU_CL,Villa Park,Birmingham
2008/09,22,1,Arsenal,5,22,12,5,5,37,24,13,41,11,7,2,2,18,11,7,23,11,5,3,3,19,13,6,18,Q,EU_UC,Emirates Stadium,London
2008/09,22,7,Everton,6,22,10,6,6,30,26,4,36,11,3,4,4,14,15,-1,13,11,7,2,2,16,11,5,23,Q,EU_UC,Goodison Park,Liverpool
2008/09,22,39,Wigan Athletic,7,22,9,4,9,25,23,2,31,11,6,2,3,12,10,2,20,11,3,2,6,13,13,0,11,Q,EU_UC,DW Stadium,Wigan
2008/09,22,25,West Ham United,8,22,8,5,9,29,31,-2,29,11,5,1,5,16,16,0,16,11,3,4,4,13,15,-2,13,,,Boleyn Ground,London
2008/09,22,41,Hull City,9,22,7,6,9,29,42,-13,27,11,3,2,6,11,23,-12,11,11,4,4,3,18,19,-1,16,,,KCOM Stadium,Hull
2008/09,22,34,Fulham,10,20,6,8,6,19,17,2,26,10,6,3,1,16,8,8,21,10,0,5,5,3,9,-6,5,,,Craven Cottage,London
2008/09,22,11,Manchester City,11,21,7,4,10,39,30,9,25,11,6,0,5,25,11,14,18,10,1,4,5,14,19,-5,7,,,Etihad Stadium,Manchester
2008/09,22,37,Portsmouth,12,21,6,6,9,22,34,-12,24,10,4,2,4,14,17,-3,14,11,2,4,5,8,17,-9,10,,,Fratton Park,Portsmouth
2008/09,22,27,Bolton Wanderers,13,22,7,2,13,22,30,-8,23,11,3,2,6,8,12,-4,11,11,4,0,7,14,18,-4,12,,,Toughsheet Community Stadium,Bolton
2008/09,22,23,Newcastle United,14,22,5,8,9,28,37,-9,23,11,4,4,3,18,19,-1,16,11,1,4,6,10,18,-8,7,,,St. James' Park,Newcastle
2008/09,22,29,Sunderland,15,22,6,5,11,23,32,-9,23,11,3,2,6,12,15,-3,11,11,3,3,5,11,17,-6,12,,,Stadium of Light,Sunderland
2008/09,22,21,Tottenham Hotspur,16,22,5,6,11,21,27,-6,21,11,3,4,4,8,8,0,13,11,2,2,7,13,19,-6,8,,,White Hart Lane,London
2008/09,22,3,Blackburn Rovers,17,21,5,6,10,25,36,-11,21,11,3,3,5,13,17,-4,12,10,2,3,5,12,19,-7,9,,,Ewood Park,Blackburn
2008/09,22,13,Middlesbrough,18,22,5,6,11,18,33,-15,21,11,3,4,4,10,15,-5,13,11,2,2,7,8,18,-10,8,R,EN_CH,Riverside Stadium,Middlesbrough
2008/09,22,42,Stoke City,19,22,5,6,11,19,35,-16,21,11,5,3,3,12,11,1,18,11,0,3,8,7,24,-17,3,R,EN_CH,Britannia Stadium,Stoke
2008/09,22,36,West Bromwich Albion,20,22,6,3,13,20,37,-17,21,11,5,2,4,16,16,0,17,11,1,1,9,4,21,-17,4,R,EN_CH,The Hawthorns,West Bromwich
2008/09,23,12,Manchester United,1,22,15,5,2,39,10,29,50,10,9,1,0,24,4,20,28,12,6,4,2,15,6,9,22,Q,EU_CL,Old Trafford,Manchester
2008/09,23,4,Chelsea,2,23,14,6,3,44,13,31,48,12,6,4,2,21,7,14,22,11,8,2,1,23,6,17,26,Q,EU_CL,Stamford Bridge,London
2008/09,23,10,Liverpool,3,23,13,9,1,37,15,22,48,11,6,5,0,17,7,10,23,12,7,4,1,20,8,12,25,Q,EU_CL,Anfield,Liverpool
2008/09,23,2,Aston Villa,4,23,14,5,4,38,24,14,47,11,5,5,1,18,12,6,20,12,9,0,3,20,12,8,27,Q,EU_CL,Villa Park,Birmingham
2008/09,23,1,Arsenal,5,23,12,6,5,38,25,13,42,11,7,2,2,18,11,7,23,12,5,4,3,20,14,6,19,Q,EU_UC,Emirates Stadium,London
2008/09,23,7,Everton,6,23,10,7,6,31,27,4,37,12,3,5,4,15,16,-1,14,11,7,2,2,16,11,5,23,Q,EU_UC,Goodison Park,Liverpool
2008/09,23,39,Wigan Athletic,7,23,9,5,9,26,24,2,32,12,6,3,3,13,11,2,21,11,3,2,6,13,13,0,11,Q,EU_UC,DW Stadium,Wigan
2008/09,23,25,West Ham United,8,23,9,5,9,31,31,0,32,12,6,1,5,18,16,2,19,11,3,4,4,13,15,-2,13,,,Boleyn Ground,London
2008/09,23,11,Manchester City,9,22,8,4,10,41,31,10,28,12,7,0,5,27,12,15,21,10,1,4,5,14,19,-5,7,,,Etihad Stadium,Manchester
2008/09,23,41,Hull City,10,23,7,6,10,29,44,-15,27,11,3,2,6,11,23,-12,11,12,4,4,4,18,21,-3,16,,,KCOM Stadium,Hull
2008/09,23,34,Fulham,11,21,6,8,7,19,18,1,26,10,6,3,1,16,8,8,21,11,0,5,6,3,10,-7,5,,,Craven Cottage,London
2008/09,23,29,Sunderland,12,23,7,5,11,24,32,-8,26,12,4,2,6,13,15,-2,14,11,3,3,5,11,17,-6,12,,,Stadium of Light,Sunderland
2008/09,23,21,Tottenham Hotspur,13,23,6,6,11,24,28,-4,24,12,4,4,4,11,9,2,16,11,2,2,7,13,19,-6,8,,,White Hart Lane,London
2008/09,23,27,Bolton Wanderers,14,23,7,3,13,24,32,-8,24,11,3,2,6,8,12,-4,11,12,4,1,7,16,20,-4,13,,,Toughsheet Community Stadium,Bolton
2008/09,23,37,Portsmouth,15,22,6,6,10,22,35,-13,24,11,4,2,5,14,18,-4,14,11,2,4,5,8,17,-9,10,,,Fratton Park,Portsmouth
2008/09,23,23,Newcastle United,16,23,5,8,10,29,39,-10,23,11,4,4,3,18,19,-1,16,12,1,4,7,11,20,-9,7,,,St. James' Park,Newcastle
2008/09,23,3,Blackburn Rovers,17,22,5,7,10,27,38,-11,22,12,3,4,5,15,19,-4,13,10,2,3,5,12,19,-7,9,,,Ewood Park,Blackburn
2008/09,23,13,Middlesbrough,18,23,5,6,12,18,35,-17,21,11,3,4,4,10,15,-5,13,12,2,2,8,8,20,-12,8,R,EN_CH,Riverside Stadium,Middlesbrough
2008/09,23,42,Stoke City,19,23,5,6,12,20,38,-18,21,11,5,3,3,12,11,1,18,12,0,3,9,8,27,-19,3,R,EN_CH,Britannia Stadium,Stoke
2008/09,23,36,West Bromwich Albion,20,23,6,3,14,20,42,-22,21,12,5,2,5,16,21,-5,17,11,1,1,9,4,21,-17,4,R,EN_CH,The Hawthorns,West Bromwich
2008/09,24,12,Manchester United,1,23,16,5,2,40,10,30,53,11,10,1,0,25,4,21,31,12,6,4,2,15,6,9,22,Q,EU_CL,Old Trafford,Manchester
2008/09,24,10,Liverpool,2,24,14,9,1,39,15,24,51,12,7,5,0,19,7,12,26,12,7,4,1,20,8,12,25,Q,EU_CL,Anfield,Liverpool
2008/09,24,4,Chelsea,3,24,14,6,4,44,15,29,48,12,6,4,2,21,7,14,22,12,8,2,2,23,8,15,26,Q,EU_CL,Stamford Bridge,London
2008/09,24,2,Aston Villa,4,24,14,6,4,38,24,14,48,12,5,6,1,18,12,6,21,12,9,0,3,20,12,8,27,Q,EU_CL,Villa Park,Birmingham
2008/09,24,1,Arsenal,5,24,12,7,5,38,25,13,43,12,7,3,2,18,11,7,24,12,5,4,3,20,14,6,19,Q,EU_UC,Emirates Stadium,London
2008/09,24,7,Everton,6,24,10,7,7,31,28,3,37,12,3,5,4,15,16,-1,14,12,7,2,3,16,12,4,23,Q,EU_UC,Goodison Park,Liverpool
2008/09,24,39,Wigan Athletic,7,24,9,6,9,26,24,2,33,12,6,3,3,13,11,2,21,12,3,3,6,13,13,0,12,Q,EU_UC,DW Stadium,Wigan
2008/09,24,25,West Ham United,8,24,9,6,9,31,31,0,33,12,6,1,5,18,16,2,19,12,3,5,4,13,15,-2,14,,,Boleyn Ground,London
2008/09,24,34,Fulham,9,22,7,8,7,22,19,3,29,11,7,3,1,19,9,10,24,11,0,5,6,3,10,-7,5,,,Craven Cottage,London
2008/09,24,11,Manchester City,10,23,8,4,11,41,32,9,28,12,7,0,5,27,12,15,21,11,1,4,6,14,20,-6,7,,,Etihad Stadium,Manchester
2008/09,24,41,Hull City,11,24,7,7,10,31,46,-15,28,12,3,3,6,13,25,-12,12,12,4,4,4,18,21,-3,16,,,KCOM Stadium,Hull
2008/09,24,27,Bolton Wanderers,12,24,8,3,13,27,34,-7,27,12,4,2,6,11,14,-3,14,12,4,1,7,16,20,-4,13,,,Toughsheet Community Stadium,Bolton
2008/09,24,29,Sunderland,13,24,7,6,11,25,33,-8,27,12,4,2,6,13,15,-2,14,12,3,4,5,12,18,-6,13,,,Stadium of Light,Sunderland
2008/09,24,21,Tottenham Hotspur,14,24,6,6,12,26,31,-5,24,12,4,4,4,11,9,2,16,12,2,2,8,15,22,-7,8,,,White Hart Lane,London
2008/09,24,23,Newcastle United,15,24,5,9,10,30,40,-10,24,12,4,5,3,19,20,-1,17,12,1,4,7,11,20,-9,7,,,St. James' Park,Newcastle
2008/09,24,37,Portsmouth,16,23,6,6,11,23,38,-15,24,11,4,2,5,14,18,-4,14,12,2,4,6,9,20,-11,10,,,Fratton Park,Portsmouth
2008/09,24,42,Stoke City,17,24,6,6,12,21,38,-17,24,12,6,3,3,13,11,2,21,12,0,3,9,8,27,-19,3,,,Britannia Stadium,Stoke
2008/09,24,3,Blackburn Rovers,18,23,5,8,10,27,38,-11,23,12,3,4,5,15,19,-4,13,11,2,4,5,12,19,-7,10,R,EN_CH,Ewood Park,Blackburn
2008/09,24,13,Middlesbrough,19,24,5,7,12,18,35,-17,22,12,3,5,4,10,15,-5,14,12,2,2,8,8,20,-12,8,R,EN_CH,Riverside Stadium,Middlesbrough
2008/09,24,36,West Bromwich Albion,20,24,6,4,14,22,44,-22,22,12,5,2,5,16,21,-5,17,12,1,2,9,6,23,-17,5,R,EN_CH,The Hawthorns,West Bromwich
2008/09,25,12,Manchester United,1,25,18,5,2,44,10,34,59,12,11,1,0,28,4,24,34,13,7,4,2,16,6,10,25,Q,EU_CL,Old Trafford,Manchester
2008/09,25,10,Liverpool,2,25,15,9,1,42,17,25,54,12,7,5,0,19,7,12,26,13,8,4,1,23,10,13,28,Q,EU_CL,Anfield,Liverpool
2008/09,25,2,Aston Villa,3,25,15,6,4,40,24,16,51,12,5,6,1,18,12,6,21,13,10,0,3,22,12,10,30,Q,EU_CL,Villa Park,Birmingham
2008/09,25,4,Chelsea,4,25,14,7,4,44,15,29,49,13,6,5,2,21,7,14,23,12,8,2,2,23,8,15,26,Q,EU_CL,Stamford Bridge,London
2008/09,25,1,Arsenal,5,25,12,8,5,38,25,13,44,12,7,3,2,18,11,7,24,13,5,5,3,20,14,6,20,Q,EU_UC,Emirates Stadium,London
2008/09,25,7,Everton,6,25,11,7,7,34,28,6,40,13,4,5,4,18,16,2,17,12,7,2,3,16,12,4,23,Q,EU_UC,Goodison Park,Liverpool
2008/09,25,39,Wigan Athletic,7,25,9,7,9,26,24,2,34,13,6,4,3,13,11,2,22,12,3,3,6,13,13,0,12,Q,EU_UC,DW Stadium,Wigan
2008/09,25,25,West Ham United,8,25,9,6,10,31,32,-1,33,13,6,1,6,18,17,1,19,12,3,5,4,13,15,-2,14,,,Boleyn Ground,London
2008/09,25,11,Manchester City,9,25,9,4,12,42,34,8,31,13,8,0,5,28,12,16,24,12,1,4,7,14,22,-8,7,,,Etihad Stadium,Manchester
2008/09,25,34,Fulham,10,24,7,9,8,22,22,0,30,11,7,3,1,19,9,10,24,13,0,6,7,3,13,-10,6,,,Craven Cottage,London
2008/09,25,29,Sunderland,11,25,8,6,11,27,33,-6,30,13,5,2,6,15,15,0,17,12,3,4,5,12,18,-6,13,,,Stadium of Light,Sunderland
2008/09,25,41,Hull City,12,25,7,8,10,31,46,-15,29,12,3,3,6,13,25,-12,12,13,4,5,4,18,21,-3,17,,,KCOM Stadium,Hull
2008/09,25,23,Newcastle United,13,25,6,9,10,33,42,-9,27,12,4,5,3,19,20,-1,17,13,2,4,7,14,22,-8,10,,,St. James' Park,Newcastle
2008/09,25,27,Bolton Wanderers,14,25,8,3,14,27,37,-10,27,12,4,2,6,11,14,-3,14,13,4,1,8,16,23,-7,13,,,Toughsheet Community Stadium,Bolton
2008/09,25,37,Portsmouth,15,25,7,6,12,27,41,-14,27,13,5,2,6,18,21,-3,17,12,2,4,6,9,20,-11,10,,,Fratton Park,Portsmouth
2008/09,25,21,Tottenham Hotspur,16,25,6,7,12,26,31,-5,25,13,4,5,4,11,9,2,17,12,2,2,8,15,22,-7,8,,,White Hart Lane,London
2008/09,25,42,Stoke City,17,25,6,6,13,21,40,-19,24,12,6,3,3,13,11,2,21,13,0,3,10,8,29,-21,3,,,Britannia Stadium,Stoke
2008/09,25,3,Blackburn Rovers,18,24,5,8,11,27,40,-13,23,13,3,4,6,15,21,-6,13,11,2,4,5,12,19,-7,10,R,EN_CH,Ewood Park,Blackburn
2008/09,25,13,Middlesbrough,19,25,5,7,13,18,36,-18,22,12,3,5,4,10,15,-5,14,13,2,2,9,8,21,-13,8,R,EN_CH,Riverside Stadium,Middlesbrough
2008/09,25,36,West Bromwich Albion,20,25,6,4,15,24,47,-23,22,13,5,2,6,18,24,-6,17,12,1,2,9,6,23,-17,5,R,EN_CH,The Hawthorns,West Bromwich
2008/09,26,12,Manchester United,1,26,19,5,2,46,11,35,62,13,12,1,0,30,5,25,37,13,7,4,2,16,6,10,25,Q,EU_CL,Old Trafford,Manchester
2008/09,26,10,Liverpool,2,26,15,10,1,43,18,25,55,13,7,6,0,20,8,12,27,13,8,4,1,23,10,13,28,Q,EU_CL,Anfield,Liverpool
2008/09,26,4,Chelsea,3,26,15,7,4,45,15,30,52,13,6,5,2,21,7,14,23,13,9,2,2,24,8,16,29,Q,EU_CL,Stamford Bridge,London
2008/09,26,2,Aston Villa,4,26,15,6,5,40,25,15,51,13,5,6,2,18,13,5,21,13,10,0,3,22,12,10,30,Q,EU_CL,Villa Park,Birmingham
2008/09,26,1,Arsenal,5,26,12,9,5,38,25,13,45,13,7,4,2,18,11,7,25,13,5,5,3,20,14,6,20,Q,EU_UC,Emirates Stadium,London
2008/09,26,7,Everton,6,26,11,8,7,34,28,6,41,13,4,5,4,18,16,2,17,13,7,3,3,16,12,4,24,Q,EU_UC,Goodison Park,Liverpool
2008/09,26,39,Wigan Athletic,7,26,9,8,9,26,24,2,35,13,6,4,3,13,11,2,22,13,3,4,6,13,13,0,13,Q,EU_UC,DW Stadium,Wigan
2008/09,26,34,Fulham,8,25,8,9,8,24,22,2,33,12,8,3,1,21,9,12,27,13,0,6,7,3,13,-10,6,,,Craven Cottage,London
2008/09,26,25,West Ham United,9,26,9,6,11,32,34,-2,33,13,6,1,6,18,17,1,19,13,3,5,5,14,17,-3,14,,,Boleyn Ground,London
2008/09,26,11,Manchester City,10,26,9,5,12,43,35,8,32,13,8,0,5,28,12,16,24,13,1,5,7,15,23,-8,8,,,Etihad Stadium,Manchester
2008/09,26,29,Sunderland,11,26,8,7,11,27,33,-6,31,13,5,2,6,15,15,0,17,13,3,5,5,12,18,-6,14,,,Stadium of Light,Sunderland
2008/09,26,27,Bolton Wanderers,12,26,9,3,14,29,38,-9,30,13,5,2,6,13,15,-2,17,13,4,1,8,16,23,-7,13,,,Toughsheet Community Stadium,Bolton
2008/09,26,41,Hull City,13,26,7,8,11,32,48,-16,29,13,3,3,7,14,27,-13,12,13,4,5,4,18,21,-3,17,,,KCOM Stadium,Hull
2008/09,26,21,Tottenham Hotspur,14,26,7,7,12,28,32,-4,28,13,4,5,4,11,9,2,17,13,3,2,8,17,23,-6,11,,,White Hart Lane,London
2008/09,26,23,Newcastle United,15,26,6,10,10,33,42,-9,28,13,4,6,3,19,20,-1,18,13,2,4,7,14,22,-8,10,,,St. James' Park,Newcastle
2008/09,26,37,Portsmouth,16,26,7,7,12,29,43,-14,28,13,5,2,6,18,21,-3,17,13,2,5,6,11,22,-11,11,,,Fratton Park,Portsmouth
2008/09,26,42,Stoke City,17,26,6,7,13,23,42,-19,25,13,6,4,3,15,13,2,22,13,0,3,10,8,29,-21,3,,,Britannia Stadium,Stoke
2008/09,26,3,Blackburn Rovers,18,25,5,8,12,28,42,-14,23,13,3,4,6,15,21,-6,13,12,2,4,6,13,21,-8,10,R,EN_CH,Ewood Park,Blackburn
2008/09,26,13,Middlesbrough,19,26,5,8,13,18,36,-18,23,13,3,6,4,10,15,-5,15,13,2,2,9,8,21,-13,8,R,EN_CH,Riverside Stadium,Middlesbrough
2008/09,26,36,West Bromwich Albion,20,26,6,4,16,24,49,-25,22,13,5,2,6,18,24,-6,17,13,1,2,10,6,25,-19,5,R,EN_CH,The Hawthorns,West Bromwich
2008/09,27,12,Manchester United,1,26,19,5,2,46,11,35,62,13,12,1,0,30,5,25,37,13,7,4,2,16,6,10,25,Q,EU_CL,Old Trafford,Manchester
2008/09,27,4,Chelsea,2,27,16,7,4,47,16,31,55,14,7,5,2,23,8,15,26,13,9,2,2,24,8,16,29,Q,EU_CL,Stamford Bridge,London
2008/09,27,10,Liverpool,3,27,15,10,2,43,20,23,55,13,7,6,0,20,8,12,27,14,8,4,2,23,12,11,28,Q,EU_CL,Anfield,Liverpool
2008/09,27,2,Aston Villa,4,27,15,7,5,42,27,15,52,14,5,7,2,20,15,5,22,13,10,0,3,22,12,10,30,Q,EU_CL,Villa Park,Birmingham
2008/09,27,1,Arsenal,5,27,12,10,5,38,25,13,46,14,7,5,2,18,11,7,26,13,5,5,3,20,14,6,20,Q,EU_UC,Emirates Stadium,London
2008/09,27,7,Everton,6,27,12,8,7,36,28,8,44,14,5,5,4,20,16,4,20,13,7,3,3,16,12,4,24,Q,EU_UC,Goodison Park,Liverpool
2008/09,27,25,West Ham United,7,27,10,6,11,33,34,-1,36,14,7,1,6,19,17,2,22,13,3,5,5,14,17,-3,14,Q,EU_UC,Boleyn Ground,London
2008/09,27,39,Wigan Athletic,8,27,9,8,10,27,26,1,35,13,6,4,3,13,11,2,22,14,3,4,7,14,15,-1,13,,,DW Stadium,Wigan
2008/09,27,34,Fulham,9,26,8,10,8,24,22,2,34,12,8,3,1,21,9,12,27,14,0,7,7,3,13,-10,7,,,Craven Cottage,London
2008/09,27,27,Bolton Wanderers,10,27,10,3,14,30,38,-8,33,14,6,2,6,14,15,-1,20,13,4,1,8,16,23,-7,13,,,Toughsheet Community Stadium,Bolton
2008/09,27,11,Manchester City,11,27,9,5,13,43,36,7,32,13,8,0,5,28,12,16,24,14,1,5,8,15,24,-9,8,,,Etihad Stadium,Manchester
2008/09,27,29,Sunderland,12,26,8,7,11,27,33,-6,31,13,5,2,6,15,15,0,17,13,3,5,5,12,18,-6,14,,,Stadium of Light,Sunderland
2008/09,27,41,Hull City,13,27,7,8,12,33,50,-17,29,14,3,3,8,15,29,-14,12,13,4,5,4,18,21,-3,17,,,KCOM Stadium,Hull
2008/09,27,21,Tottenham Hotspur,14,26,7,7,12,28,32,-4,28,13,4,5,4,11,9,2,17,13,3,2,8,17,23,-6,11,,,White Hart Lane,London
2008/09,27,23,Newcastle United,15,27,6,10,11,33,43,-10,28,13,4,6,3,19,20,-1,18,14,2,4,8,14,23,-9,10,,,St. James' Park,Newcastle
2008/09,27,37,Portsmouth,16,26,7,7,12,29,43,-14,28,13,5,2,6,18,21,-3,17,13,2,5,6,11,22,-11,11,,,Fratton Park,Portsmouth
2008/09,27,3,Blackburn Rovers,17,26,6,8,12,30,43,-13,26,13,3,4,6,15,21,-6,13,13,3,4,6,15,22,-7,13,,,Ewood Park,Blackburn
2008/09,27,13,Middlesbrough,18,27,6,8,13,20,36,-16,26,14,4,6,4,12,15,-3,18,13,2,2,9,8,21,-13,8,R,EN_CH,Riverside Stadium,Middlesbrough
2008/09,27,42,Stoke City,19,27,6,8,13,25,44,-19,26,13,6,4,3,15,13,2,22,14,0,4,10,10,31,-21,4,R,EN_CH,Britannia Stadium,Stoke
2008/09,27,36,West Bromwich Albion,20,27,6,4,17,24,51,-27,22,13,5,2,6,18,24,-6,17,14,1,2,11,6,27,-21,5,R,EN_CH,The Hawthorns,West Bromwich
2008/09,28,12,Manchester United,1,27,20,5,2,48,12,36,65,13,12,1,0,30,5,25,37,14,8,4,2,18,7,11,28,Q,EU_CL,Old Trafford,Manchester
2008/09,28,4,Chelsea,2,28,17,7,4,48,16,32,58,14,7,5,2,23,8,15,26,14,10,2,2,25,8,17,32,Q,EU_CL,Stamford Bridge,London
2008/09,28,10,Liverpool,3,28,16,10,2,45,20,25,58,14,8,6,0,22,8,14,30,14,8,4,2,23,12,11,28,Q,EU_CL,Anfield,Liverpool
2008/09,28,2,Aston Villa,4,28,15,7,6,42,29,13,52,14,5,7,2,20,15,5,22,14,10,0,4,22,14,8,30,Q,EU_CL,Villa Park,Birmingham
2008/09,28,1,Arsenal,5,28,13,10,5,41,26,15,49,14,7,5,2,18,11,7,26,14,6,5,3,23,15,8,23,Q,EU_UC,Emirates Stadium,London
2008/09,28,7,Everton,6,28,12,9,7,36,28,8,45,14,5,5,4,20,16,4,20,14,7,4,3,16,12,4,25,Q,EU_UC,Goodison Park,Liverpool
2008/09,28,25,West Ham United,7,28,11,6,11,34,34,0,39,14,7,1,6,19,17,2,22,14,4,5,5,15,17,-2,17,Q,EU_UC,Boleyn Ground,London
2008/09,28,11,Manchester City,8,28,10,5,13,45,36,9,35,14,9,0,5,30,12,18,27,14,1,5,8,15,24,-9,8,,,Etihad Stadium,Manchester
2008/09,28,39,Wigan Athletic,9,28,9,8,11,27,27,0,35,14,6,4,4,13,12,1,22,14,3,4,7,14,15,-1,13,,,DW Stadium,Wigan
2008/09,28,34,Fulham,10,28,8,10,10,25,25,0,34,14,8,3,3,22,12,10,27,14,0,7,7,3,13,-10,7,,,Craven Cottage,London
2008/09,28,27,Bolton Wanderers,11,28,10,3,15,30,40,-10,33,14,6,2,6,14,15,-1,20,14,4,1,9,16,25,-9,13,,,Toughsheet Community Stadium,Bolton
2008/09,28,21,Tottenham Hotspur,12,28,8,8,12,33,33,0,32,14,5,5,4,15,9,6,20,14,3,3,8,18,24,-6,12,,,White Hart Lane,London
2008/09,28,29,Sunderland,13,28,8,8,12,28,36,-8,32,14,5,3,6,16,16,0,18,14,3,5,6,12,20,-8,14,,,Stadium of Light,Sunderland
2008/09,28,41,Hull City,14,28,8,8,12,34,50,-16,32,14,3,3,8,15,29,-14,12,14,5,5,4,19,21,-2,20,,,KCOM Stadium,Hull
2008/09,28,3,Blackburn Rovers,15,28,7,9,12,32,44,-12,30,14,3,5,6,15,21,-6,14,14,4,4,6,17,23,-6,16,,,Ewood Park,Blackburn
2008/09,28,42,Stoke City,16,28,7,8,13,27,44,-17,29,14,7,4,3,17,13,4,25,14,0,4,10,10,31,-21,4,,,Britannia Stadium,Stoke
2008/09,28,23,Newcastle United,17,28,6,10,12,34,45,-11,28,14,4,6,4,20,22,-2,18,14,2,4,8,14,23,-9,10,,,St. James' Park,Newcastle
2008/09,28,37,Portsmouth,18,27,7,7,13,29,44,-15,28,14,5,2,7,18,22,-4,17,13,2,5,6,11,22,-11,11,R,EN_CH,Fratton Park,Portsmouth
2008/09,28,13,Middlesbrough,19,28,6,8,14,20,40,-20,26,14,4,6,4,12,15,-3,18,14,2,2,10,8,25,-17,8,R,EN_CH,Riverside Stadium,Middlesbrough
2008/09,28,36,West Bromwich Albion,20,28,6,4,18,25,54,-29,22,14,5,2,7,19,27,-8,17,14,1,2,11,6,27,-21,5,R,EN_CH,The Hawthorns,West Bromwich
2008/09,29,12,Manchester United,1,28,20,5,3,49,16,33,65,14,12,1,1,31,9,22,37,14,8,4,2,18,7,11,28,Q,EU_CL,Old Trafford,Manchester
2008/09,29,4,Chelsea,2,29,18,7,4,49,16,33,61,15,8,5,2,24,8,16,29,14,10,2,2,25,8,17,32,Q,EU_CL,Stamford Bridge,London
2008/09,29,10,Liverpool,3,29,17,10,2,49,21,28,61,14,8,6,0,22,8,14,30,15,9,4,2,27,13,14,31,Q,EU_CL,Anfield,Liverpool
2008/09,29,1,Arsenal,4,29,14,10,5,45,26,19,52,15,8,5,2,22,11,11,29,14,6,5,3,23,15,8,23,Q,EU_CL,Emirates Stadium,London
2008/09,29,2,Aston Villa,5,29,15,7,7,43,31,12,52,15,5,7,3,21,17,4,22,14,10,0,4,22,14,8,30,Q,EU_UC,Villa Park,Birmingham
2008/09,29,7,Everton,6,29,13,9,7,39,29,10,48,15,6,5,4,23,17,6,23,14,7,4,3,16,12,4,25,Q,EU_UC,Goodison Park,Liverpool
2008/09,29,25,West Ham United,7,29,11,7,11,34,34,0,40,15,7,2,6,19,17,2,23,14,4,5,5,15,17,-2,17,Q,EU_UC,Boleyn Ground,London
2008/09,29,39,Wigan Athletic,8,29,10,8,11,29,28,1,38,14,6,4,4,13,12,1,22,15,4,4,7,16,16,0,16,,,DW Stadium,Wigan
2008/09,29,34,Fulham,9,29,9,10,10,28,26,2,37,14,8,3,3,22,12,10,27,15,1,7,7,6,14,-8,10,,,Craven Cottage,London
2008/09,29,11,Manchester City,10,29,10,5,14,45,37,8,35,14,9,0,5,30,12,18,27,15,1,5,9,15,25,-10,8,,,Etihad Stadium,Manchester
2008/09,29,21,Tottenham Hotspur,11,29,9,8,12,35,34,1,35,14,5,5,4,15,9,6,20,15,4,3,8,20,25,-5,15,,,White Hart Lane,London
2008/09,29,27,Bolton Wanderers,12,29,10,3,16,31,43,-12,33,15,6,2,7,15,18,-3,20,14,4,1,9,16,25,-9,13,,,Toughsheet Community Stadium,Bolton
2008/09,29,41,Hull City,13,29,8,9,12,35,51,-16,33,15,3,4,8,16,30,-14,13,14,5,5,4,19,21,-2,20,,,KCOM Stadium,Hull
2008/09,29,29,Sunderland,14,29,8,8,13,29,38,-9,32,15,5,3,7,17,18,-1,18,14,3,5,6,12,20,-8,14,,,Stadium of Light,Sunderland
2008/09,29,3,Blackburn Rovers,15,29,7,9,13,32,48,-16,30,14,3,5,6,15,21,-6,14,15,4,4,7,17,27,-10,16,,,Ewood Park,Blackburn
2008/09,29,23,Newcastle United,16,29,6,11,12,35,46,-11,29,14,4,6,4,20,22,-2,18,15,2,5,8,15,24,-9,11,,,St. James' Park,Newcastle
2008/09,29,37,Portsmouth,17,28,7,8,13,30,45,-15,29,14,5,2,7,18,22,-4,17,14,2,6,6,12,23,-11,12,,,Fratton Park,Portsmouth
2008/09,29,42,Stoke City,18,29,7,8,14,28,47,-19,29,14,7,4,3,17,13,4,25,15,0,4,11,11,34,-23,4,R,EN_CH,Britannia Stadium,Stoke
2008/09,29,13,Middlesbrough,19,29,6,9,14,21,41,-20,27,15,4,7,4,13,16,-3,19,14,2,2,10,8,25,-17,8,R,EN_CH,Riverside Stadium,Middlesbrough
2008/09,29,36,West Bromwich Albion,20,29,6,5,18,25,54,-29,23,14,5,2,7,19,27,-8,17,15,1,3,11,6,27,-21,6,R,EN_CH,The Hawthorns,West Bromwich
2008/09,30,12,Manchester United,1,29,20,5,4,49,18,31,65,14,12,1,1,31,9,22,37,15,8,4,3,18,9,9,28,Q,EU_CL,Old Trafford,Manchester
2008/09,30,10,Liverpool,2,30,18,10,2,54,21,33,64,15,9,6,0,27,8,19,33,15,9,4,2,27,13,14,31,Q,EU_CL,Anfield,Liverpool
2008/09,30,4,Chelsea,3,30,18,7,5,49,17,32,61,15,8,5,2,24,8,16,29,15,10,2,3,25,9,16,32,Q,EU_CL,Stamford Bridge,London
2008/09,30,1,Arsenal,4,30,15,10,5,48,27,21,55,15,8,5,2,22,11,11,29,15,7,5,3,26,16,10,26,Q,EU_CL,Emirates Stadium,London
2008/09,30,2,Aston Villa,5,30,15,7,8,43,36,7,52,15,5,7,3,21,17,4,22,15,10,0,5,22,19,3,30,Q,EU_UC,Villa Park,Birmingham
2008/09,30,7,Everton,6,30,13,9,8,40,31,9,48,15,6,5,4,23,17,6,23,15,7,4,4,17,14,3,25,Q,EU_UC,Goodison Park,Liverpool
2008/09,30,39,Wigan Athletic,7,30,11,8,11,30,28,2,41,15,7,4,4,14,12,2,25,15,4,4,7,16,16,0,16,Q,EU_UC,DW Stadium,Wigan
2008/09,30,25,West Ham United,8,30,11,8,11,35,35,0,41,15,7,2,6,19,17,2,23,15,4,6,5,16,18,-2,18,,,Boleyn Ground,London
2008/09,30,34,Fulham,9,30,10,10,10,30,26,4,40,15,9,3,3,24,12,12,30,15,1,7,7,6,14,-8,10,,,Craven Cottage,London
2008/09,30,11,Manchester City,10,30,11,5,14,46,37,9,38,15,10,0,5,31,12,19,30,15,1,5,9,15,25,-10,8,,,Etihad Stadium,Manchester
2008/09,30,21,Tottenham Hotspur,11,30,10,8,12,36,34,2,38,15,6,5,4,16,9,7,23,15,4,3,8,20,25,-5,15,,,White Hart Lane,London
2008/09,30,27,Bolton Wanderers,12,30,10,4,16,32,44,-12,34,15,6,2,7,15,18,-3,20,15,4,2,9,17,26,-9,14,,,Toughsheet Community Stadium,Bolton
2008/09,30,41,Hull City,13,30,8,9,13,35,52,-17,33,15,3,4,8,16,30,-14,13,15,5,5,5,19,22,-3,20,,,KCOM Stadium,Hull
2008/09,30,29,Sunderland,14,30,8,8,14,29,39,-10,32,15,5,3,7,17,18,-1,18,15,3,5,7,12,21,-9,14,,,Stadium of Light,Sunderland
2008/09,30,37,Portsmouth,15,29,8,8,13,32,46,-14,32,15,6,2,7,20,23,-3,20,14,2,6,6,12,23,-11,12,,,Fratton Park,Portsmouth
2008/09,30,42,Stoke City,16,30,8,8,14,29,47,-18,32,15,8,4,3,18,13,5,28,15,0,4,11,11,34,-23,4,,,Britannia Stadium,Stoke
2008/09,30,3,Blackburn Rovers,17,30,7,10,13,33,49,-16,31,15,3,6,6,16,22,-6,15,15,4,4,7,17,27,-10,16,,,Ewood Park,Blackburn
2008/09,30,23,Newcastle United,18,30,6,11,13,36,49,-13,29,15,4,6,5,21,25,-4,18,15,2,5,8,15,24,-9,11,R,EN_CH,St. James' Park,Newcastle
2008/09,30,13,Middlesbrough,19,30,6,9,15,21,42,-21,27,15,4,7,4,13,16,-3,19,15,2,2,11,8,26,-18,8,R,EN_CH,Riverside Stadium,Middlesbrough
2008/09,30,36,West Bromwich Albion,20,30,6,6,18,26,55,-29,24,15,5,3,7,20,28,-8,18,15,1,3,11,6,27,-21,6,R,EN_CH,The Hawthorns,West Bromwich
2008/09,31,12,Manchester United,1,30,21,5,4,52,20,32,68,15,13,1,1,34,11,23,40,15,8,4,3,18,9,9,28,Q,EU_CL,Old Trafford,Manchester
2008/09,31,10,Liverpool,2,31,19,10,2,55,21,34,67,15,9,6,0,27,8,19,33,16,10,4,2,28,13,15,34,Q,EU_CL,Anfield,Liverpool
2008/09,31,4,Chelsea,3,31,19,7,5,51,17,34,64,15,8,5,2,24,8,16,29,16,11,2,3,27,9,18,35,Q,EU_CL,Stamford Bridge,London
2008/09,31,1,Arsenal,4,31,16,10,5,50,27,23,58,16,9,5,2,24,11,13,32,15,7,5,3,26,16,10,26,Q,EU_CL,Emirates Stadium,London
2008/09,31,2,Aston Villa,5,31,15,7,9,45,39,6,52,15,5,7,3,21,17,4,22,16,10,0,6,24,22,2,30,Q,EU_UC,Villa Park,Birmingham
2008/09,31,7,Everton,6,31,14,9,8,44,31,13,51,16,7,5,4,27,17,10,26,15,7,4,4,17,14,3,25,Q,EU_UC,Goodison Park,Liverpool
2008/09,31,25,West Ham United,7,31,12,8,11,37,35,2,44,16,8,2,6,21,17,4,26,15,4,6,5,16,18,-2,18,Q,EU_UC,Boleyn Ground,London
2008/09,31,39,Wigan Athletic,8,31,11,8,12,30,32,-2,41,15,7,4,4,14,12,2,25,16,4,4,8,16,20,-4,16,,,DW Stadium,Wigan
2008/09,31,34,Fulham,9,31,10,10,11,30,27,3,40,16,9,3,4,24,13,11,30,15,1,7,7,6,14,-8,10,,,Craven Cottage,London
2008/09,31,11,Manchester City,10,31,11,5,15,46,39,7,38,15,10,0,5,31,12,19,30,16,1,5,10,15,27,-12,8,,,Etihad Stadium,Manchester
2008/09,31,21,Tottenham Hotspur,11,31,10,8,13,37,36,1,38,15,6,5,4,16,9,7,23,16,4,3,9,21,27,-6,15,,,White Hart Lane,London
2008/09,31,27,Bolton Wanderers,12,31,11,4,16,36,45,-9,37,16,7,2,7,19,19,0,23,15,4,2,9,17,26,-9,14,,,Toughsheet Community Stadium,Bolton
2008/09,31,42,Stoke City,13,31,9,8,14,31,47,-16,35,15,8,4,3,18,13,5,28,16,1,4,11,13,34,-21,7,,,Britannia Stadium,Stoke
2008/09,31,3,Blackburn Rovers,14,31,8,10,13,35,50,-15,34,16,4,6,6,18,23,-5,18,15,4,4,7,17,27,-10,16,,,Ewood Park,Blackburn
2008/09,31,41,Hull City,15,31,8,10,13,35,52,-17,34,16,3,5,8,16,30,-14,14,15,5,5,5,19,22,-3,20,,,KCOM Stadium,Hull
2008/09,31,37,Portsmouth,16,30,8,9,13,32,46,-14,33,15,6,2,7,20,23,-3,20,15,2,7,6,12,23,-11,13,,,Fratton Park,Portsmouth
2008/09,31,29,Sunderland,17,31,8,8,15,29,41,-12,32,15,5,3,7,17,18,-1,18,16,3,5,8,12,23,-11,14,,,Stadium of Light,Sunderland
2008/09,31,23,Newcastle United,18,31,6,11,14,36,51,-15,29,16,4,6,6,21,27,-6,18,15,2,5,8,15,24,-9,11,R,EN_CH,St. James' Park,Newcastle
2008/09,31,13,Middlesbrough,19,31,6,9,16,22,46,-24,27,15,4,7,4,13,16,-3,19,16,2,2,12,9,30,-21,8,R,EN_CH,Riverside Stadium,Middlesbrough
2008/09,31,36,West Bromwich Albion,20,31,6,6,19,26,57,-31,24,16,5,3,8,20,30,-10,18,15,1,3,11,6,27,-21,6,R,EN_CH,The Hawthorns,West Bromwich
2008/09,32,12,Manchester United,1,31,22,5,4,54,21,33,71,15,13,1,1,34,11,23,40,16,9,4,3,20,10,10,31,Q,EU_CL,Old Trafford,Manchester
2008/09,32,10,Liverpool,2,32,20,10,2,59,21,38,70,16,10,6,0,31,8,23,36,16,10,4,2,28,13,15,34,Q,EU_CL,Anfield,Liverpool
2008/09,32,4,Chelsea,3,32,20,7,5,55,20,35,67,16,9,5,2,28,11,17,32,16,11,2,3,27,9,18,35,Q,EU_CL,Stamford Bridge,London
2008/09,32,1,Arsenal,4,32,17,10,5,54,28,26,61,16,9,5,2,24,11,13,32,16,8,5,3,30,17,13,29,Q,EU_CL,Emirates Stadium,London
2008/09,32,2,Aston Villa,5,32,15,8,9,48,42,6,53,16,5,8,3,24,20,4,23,16,10,0,6,24,22,2,30,Q,EU_UC,Villa Park,Birmingham
2008/09,32,7,Everton,6,32,14,10,8,47,34,13,52,16,7,5,4,27,17,10,26,16,7,5,4,20,17,3,26,Q,EU_UC,Goodison Park,Liverpool
2008/09,32,25,West Ham United,7,32,12,8,12,37,36,1,44,16,8,2,6,21,17,4,26,16,4,6,6,16,19,-3,18,Q,EU_UC,Boleyn Ground,London
2008/09,32,34,Fulham,8,32,11,10,11,33,28,5,43,16,9,3,4,24,13,11,30,16,2,7,7,9,15,-6,13,,,Craven Cottage,London
2008/09,32,21,Tottenham Hotspur,9,32,11,8,13,38,36,2,41,16,7,5,4,17,9,8,26,16,4,3,9,21,27,-6,15,,,White Hart Lane,London
2008/09,32,39,Wigan Athletic,10,32,11,8,13,31,36,-5,41,16,7,4,5,15,16,-1,25,16,4,4,8,16,20,-4,16,,,DW Stadium,Wigan
2008/09,32,11,Manchester City,11,32,11,5,16,47,42,5,38,16,10,0,6,32,15,17,30,16,1,5,10,15,27,-12,8,,,Etihad Stadium,Manchester
2008/09,32,27,Bolton Wanderers,12,32,11,4,17,39,49,-10,37,16,7,2,7,19,19,0,23,16,4,2,10,20,30,-10,14,,,Toughsheet Community Stadium,Bolton
2008/09,32,42,Stoke City,13,32,9,9,14,32,48,-16,36,16,8,5,3,19,14,5,29,16,1,4,11,13,34,-21,7,,,Britannia Stadium,Stoke
2008/09,32,37,Portsmouth,14,31,8,10,13,34,48,-14,34,16,6,3,7,22,25,-3,21,15,2,7,6,12,23,-11,13,,,Fratton Park,Portsmouth
2008/09,32,41,Hull City,15,32,8,10,14,36,55,-19,34,16,3,5,8,16,30,-14,14,16,5,5,6,20,25,-5,20,,,KCOM Stadium,Hull
2008/09,32,3,Blackburn Rovers,16,32,8,10,14,35,54,-19,34,16,4,6,6,18,23,-5,18,16,4,4,8,17,31,-14,16,,,Ewood Park,Blackburn
2008/09,32,29,Sunderland,17,32,8,8,16,30,43,-13,32,16,5,3,8,18,20,-2,18,16,3,5,8,12,23,-11,14,,,Stadium of Light,Sunderland
2008/09,32,23,Newcastle United,18,32,6,12,14,37,52,-15,30,16,4,6,6,21,27,-6,18,16,2,6,8,16,25,-9,12,R,EN_CH,St. James' Park,Newcastle
2008/09,32,13,Middlesbrough,19,32,7,9,16,25,47,-22,30,16,5,7,4,16,17,-1,22,16,2,2,12,9,30,-21,8,R,EN_CH,Riverside Stadium,Middlesbrough
2008/09,32,36,West Bromwich Albion,20,32,6,7,19,28,59,-31,25,16,5,3,8,20,30,-10,18,16,1,4,11,8,29,-21,7,R,EN_CH,The Hawthorns,West Bromwich
2008/09,33,12,Manchester United,1,31,22,5,4,54,21,33,71,15,13,1,1,34,11,23,40,16,9,4,3,20,10,10,31,Q,EU_CL,Old Trafford,Manchester
2008/09,33,10,Liverpool,2,32,20,10,2,59,21,38,70,16,10,6,0,31,8,23,36,16,10,4,2,28,13,15,34,Q,EU_CL,Anfield,Liverpool
2008/09,33,4,Chelsea,3,32,20,7,5,55,20,35,67,16,9,5,2,28,11,17,32,16,11,2,3,27,9,18,35,Q,EU_CL,Stamford Bridge,London
2008/09,33,1,Arsenal,4,32,17,10,5,54,28,26,61,16,9,5,2,24,11,13,32,16,8,5,3,30,17,13,29,Q,EU_CL,Emirates Stadium,London
2008/09,33,2,Aston Villa,5,33,15,9,9,49,43,6,54,17,5,9,3,25,21,4,24,16,10,0,6,24,22,2,30,Q,EU_UC,Villa Park,Birmingham
2008/09,33,7,Everton,6,32,14,10,8,47,34,13,52,16,7,5,4,27,17,10,26,16,7,5,4,20,17,3,26,Q,EU_UC,Goodison Park,Liverpool
2008/09,33,25,West Ham United,7,33,12,9,12,38,37,1,45,16,8,2,6,21,17,4,26,17,4,7,6,17,20,-3,19,Q,EU_UC,Boleyn Ground,London
2008/09,33,34,Fulham,8,33,11,11,11,33,28,5,44,16,9,3,4,24,13,11,30,17,2,8,7,9,15,-6,14,,,Craven Cottage,London
2008/09,33,21,Tottenham Hotspur,9,33,12,8,13,39,36,3,44,17,8,5,4,18,9,9,29,16,4,3,9,21,27,-6,15,,,White Hart Lane,London
2008/09,33,11,Manchester City,10,33,12,5,16,51,44,7,41,17,11,0,6,36,17,19,33,16,1,5,10,15,27,-12,8,,,Etihad Stadium,Manchester
2008/09,33,39,Wigan Athletic,11,32,11,8,13,31,36,-5,41,16,7,4,5,15,16,-1,25,16,4,4,8,16,20,-4,16,,,DW Stadium,Wigan
2008/09,33,42,Stoke City,12,33,10,9,14,33,48,-15,39,17,9,5,3,20,14,6,32,16,1,4,11,13,34,-21,7,,,Britannia Stadium,Stoke
2008/09,33,27,Bolton Wanderers,13,33,11,4,18,39,50,-11,37,16,7,2,7,19,19,0,23,17,4,2,11,20,31,-11,14,,,Toughsheet Community Stadium,Bolton
2008/09,33,37,Portsmouth,14,32,9,10,13,35,48,-13,37,17,7,3,7,23,25,-2,24,15,2,7,6,12,23,-11,13,,,Fratton Park,Portsmouth
2008/09,33,29,Sunderland,15,33,9,8,16,31,43,-12,35,17,6,3,8,19,20,-1,21,16,3,5,8,12,23,-11,14,,,Stadium of Light,Sunderland
2008/09,33,41,Hull City,16,33,8,10,15,36,56,-20,34,16,3,5,8,16,30,-14,14,17,5,5,7,20,26,-6,20,,,KCOM Stadium,Hull
2008/09,33,3,Blackburn Rovers,17,33,8,10,15,35,55,-20,34,16,4,6,6,18,23,-5,18,17,4,4,9,17,32,-15,16,,,Ewood Park,Blackburn
2008/09,33,13,Middlesbrough,18,33,7,10,16,25,47,-22,31,17,5,8,4,16,17,-1,23,16,2,2,12,9,30,-21,8,R,EN_CH,Riverside Stadium,Middlesbrough
2008/09,33,23,Newcastle United,19,33,6,12,15,37,53,-16,30,16,4,6,6,21,27,-6,18,17,2,6,9,16,26,-10,12,R,EN_CH,St. James' Park,Newcastle
2008/09,33,36,West Bromwich Albion,20,33,6,7,20,30,63,-33,25,16,5,3,8,20,30,-10,18,17,1,4,12,10,33,-23,7,R,EN_CH,The Hawthorns,West Bromwich
2008/09,34,12,Manchester United,1,32,23,5,4,56,21,35,74,16,14,1,1,36,11,25,43,16,9,4,3,20,10,10,31,Q,EU_CL,Old Trafford,Manchester
2008/09,34,10,Liverpool,2,33,20,11,2,63,25,38,71,17,10,7,0,35,12,23,37,16,10,4,2,28,13,15,34,Q,EU_CL,Anfield,Liverpool
2008/09,34,4,Chelsea,3,33,20,8,5,55,20,35,68,17,9,6,2,28,11,17,33,16,11,2,3,27,9,18,35,Q,EU_CL,Stamford Bridge,London
2008/09,34,1,Arsenal,4,33,17,11,5,58,32,26,62,16,9,5,2,24,11,13,32,17,8,6,3,34,21,13,30,Q,EU_CL,Emirates Stadium,London
2008/09,34,2,Aston Villa,5,33,15,9,9,49,43,6,54,17,5,9,3,25,21,4,24,16,10,0,6,24,22,2,30,Q,EU_UC,Villa Park,Birmingham
2008/09,34,7,Everton,6,33,14,11,8,47,34,13,53,16,7,5,4,27,17,10,26,17,7,6,4,20,17,3,27,Q,EU_UC,Goodison Park,Liverpool
2008/09,34,25,West Ham United,7,33,12,9,12,38,37,1,45,16,8,2,6,21,17,4,26,17,4,7,6,17,20,-3,19,Q,EU_UC,Boleyn Ground,London
2008/09,34,34,Fulham,8,33,11,11,11,33,28,5,44,16,9,3,4,24,13,11,30,17,2,8,7,9,15,-6,14,,,Craven Cottage,London
2008/09,34,21,Tottenham Hotspur,9,33,12,8,13,39,36,3,44,17,8,5,4,18,9,9,29,16,4,3,9,21,27,-6,15,,,White Hart Lane,London
2008/09,34,11,Manchester City,10,33,12,5,16,51,44,7,41,17,11,0,6,36,17,19,33,16,1,5,10,15,27,-12,8,,,Etihad Stadium,Manchester
2008/09,34,39,Wigan Athletic,11,32,11,8,13,31,36,-5,41,16,7,4,5,15,16,-1,25,16,4,4,8,16,20,-4,16,,,DW Stadium,Wigan
2008/09,34,42,Stoke City,12,33,10,9,14,33,48,-15,39,17,9,5,3,20,14,6,32,16,1,4,11,13,34,-21,7,,,Britannia Stadium,Stoke
2008/09,34,27,Bolton Wanderers,13,33,11,4,18,39,50,-11,37,16,7,2,7,19,19,0,23,17,4,2,11,20,31,-11,14,,,Toughsheet Community Stadium,Bolton
2008/09,34,37,Portsmouth,14,33,9,10,14,35,50,-15,37,17,7,3,7,23,25,-2,24,16,2,7,7,12,25,-13,13,,,Fratton Park,Portsmouth
2008/09,34,29,Sunderland,15,33,9,8,16,31,43,-12,35,17,6,3,8,19,20,-1,21,16,3,5,8,12,23,-11,14,,,Stadium of Light,Sunderland
2008/09,34,41,Hull City,16,33,8,10,15,36,56,-20,34,16,3,5,8,16,30,-14,14,17,5,5,7,20,26,-6,20,,,KCOM Stadium,Hull
2008/09,34,3,Blackburn Rovers,17,33,8,10,15,35,55,-20,34,16,4,6,6,18,23,-5,18,17,4,4,9,17,32,-15,16,,,Ewood Park,Blackburn
2008/09,34,13,Middlesbrough,18,33,7,10,16,25,47,-22,31,17,5,8,4,16,17,-1,23,16,2,2,12,9,30,-21,8,R,EN_CH,Riverside Stadium,Middlesbrough
2008/09,34,23,Newcastle United,19,33,6,12,15,37,53,-16,30,16,4,6,6,21,27,-6,18,17,2,6,9,16,26,-10,12,R,EN_CH,St. James' Park,Newcastle
2008/09,34,36,West Bromwich Albion,20,33,6,7,20,30,63,-33,25,16,5,3,8,20,30,-10,18,17,1,4,12,10,33,-23,7,R,EN_CH,The Hawthorns,West Bromwich
2008/09,35,12,Manchester United,1,33,24,5,4,61,23,38,77,17,15,1,1,41,13,28,46,16,9,4,3,20,10,10,31,Q,EU_CL,Old Trafford,Manchester
2008/09,35,10,Liverpool,2,34,21,11,2,66,26,40,74,17,10,7,0,35,12,23,37,17,11,4,2,31,14,17,37,Q,EU_CL,Anfield,Liverpool
2008/09,35,4,Chelsea,3,34,21,8,5,56,20,36,71,17,9,6,2,28,11,17,33,17,12,2,3,28,9,19,38,Q,EU_CL,Stamford Bridge,London
2008/09,35,1,Arsenal,4,34,18,11,5,60,32,28,65,17,10,5,2,26,11,15,35,17,8,6,3,34,21,13,30,Q,EU_CL,Emirates Stadium,London
2008/09,35,2,Aston Villa,5,34,15,10,9,50,44,6,55,17,5,9,3,25,21,4,24,17,10,1,6,25,23,2,31,Q,EU_UC,Villa Park,Birmingham
2008/09,35,7,Everton,6,34,14,11,9,48,36,12,53,17,7,5,5,28,19,9,26,17,7,6,4,20,17,3,27,Q,EU_UC,Goodison Park,Liverpool
2008/09,35,34,Fulham,7,34,12,11,11,34,28,6,47,17,10,3,4,25,13,12,33,17,2,8,7,9,15,-6,14,Q,EU_UC,Craven Cottage,London
2008/09,35,25,West Ham United,8,34,12,9,13,38,38,0,45,17,8,2,7,21,18,3,26,17,4,7,6,17,20,-3,19,,,Boleyn Ground,London
2008/09,35,11,Manchester City,9,34,13,5,16,53,45,8,44,17,11,0,6,36,17,19,33,17,2,5,10,17,28,-11,11,,,Etihad Stadium,Manchester
2008/09,35,21,Tottenham Hotspur,10,34,12,8,14,41,41,0,44,17,8,5,4,18,9,9,29,17,4,3,10,23,32,-9,15,,,White Hart Lane,London
2008/09,35,39,Wigan Athletic,11,33,11,8,14,31,38,-7,41,16,7,4,5,15,16,-1,25,17,4,4,9,16,22,-6,16,,,DW Stadium,Wigan
2008/09,35,42,Stoke City,12,34,10,9,15,33,49,-16,39,17,9,5,3,20,14,6,32,17,1,4,12,13,35,-22,7,,,Britannia Stadium,Stoke
2008/09,35,27,Bolton Wanderers,13,34,11,5,18,40,51,-11,38,17,7,3,7,20,20,0,24,17,4,2,11,20,31,-11,14,,,Toughsheet Community Stadium,Bolton
2008/09,35,37,Portsmouth,14,34,9,11,14,35,50,-15,38,17,7,3,7,23,25,-2,24,17,2,8,7,12,25,-13,14,,,Fratton Park,Portsmouth
2008/09,35,3,Blackburn Rovers,15,34,9,10,15,37,55,-18,37,17,5,6,6,20,23,-3,21,17,4,4,9,17,32,-15,16,,,Ewood Park,Blackburn
2008/09,35,29,Sunderland,16,34,9,8,17,31,46,-15,35,17,6,3,8,19,20,-1,21,17,3,5,9,12,26,-14,14,,,Stadium of Light,Sunderland
2008/09,35,41,Hull City,17,34,8,10,16,37,59,-22,34,17,3,5,9,17,33,-16,14,17,5,5,7,20,26,-6,20,,,KCOM Stadium,Hull
2008/09,35,23,Newcastle United,18,34,6,13,15,37,53,-16,31,17,4,7,6,21,27,-6,19,17,2,6,9,16,26,-10,12,R,EN_CH,St. James' Park,Newcastle
2008/09,35,13,Middlesbrough,19,34,7,10,17,25,49,-24,31,17,5,8,4,16,17,-1,23,17,2,2,13,9,32,-23,8,R,EN_CH,Riverside Stadium,Middlesbrough
2008/09,35,36,West Bromwich Albion,20,34,7,7,20,33,63,-30,28,17,6,3,8,23,30,-7,21,17,1,4,12,10,33,-23,7,R,EN_CH,The Hawthorns,West Bromwich
2008/09,36,12,Manchester United,1,34,25,5,4,63,23,40,80,17,15,1,1,41,13,28,46,17,10,4,3,22,10,12,34,Q,EU_CL,Old Trafford,Manchester
2008/09,36,10,Liverpool,2,35,22,11,2,69,26,43,77,18,11,7,0,38,12,26,40,17,11,4,2,31,14,17,37,Q,EU_CL,Anfield,Liverpool
2008/09,36,4,Chelsea,3,35,22,8,5,59,21,38,74,18,10,6,2,31,12,19,36,17,12,2,3,28,9,19,38,Q,EU_CL,Stamford Bridge,London
2008/09,36,1,Arsenal,4,35,19,11,5,63,32,31,68,17,10,5,2,26,11,15,35,18,9,6,3,37,21,16,33,Q,EU_CL,Emirates Stadium,London
2008/09,36,2,Aston Villa,5,35,16,10,9,51,44,7,58,18,6,9,3,26,21,5,27,17,10,1,6,25,23,2,31,Q,EU_UC,Villa Park,Birmingham
2008/09,36,7,Everton,6,35,15,11,9,50,36,14,56,17,7,5,5,28,19,9,26,18,8,6,4,22,17,5,30,Q,EU_UC,Goodison Park,Liverpool
2008/09,36,25,West Ham United,7,35,13,9,13,39,38,1,48,17,8,2,7,21,18,3,26,18,5,7,6,18,20,-2,22,Q,EU_UC,Boleyn Ground,London
2008/09,36,11,Manchester City,8,35,14,5,16,56,46,10,47,18,12,0,6,39,18,21,36,17,2,5,10,17,28,-11,11,,,Etihad Stadium,Manchester
2008/09,36,34,Fulham,9,35,12,11,12,35,31,4,47,17,10,3,4,25,13,12,33,18,2,8,8,10,18,-8,14,,,Craven Cottage,London
2008/09,36,21,Tottenham Hotspur,10,35,13,8,14,42,41,1,47,18,9,5,4,19,9,10,32,17,4,3,10,23,32,-9,15,,,White Hart Lane,London
2008/09,36,39,Wigan Athletic,11,34,11,9,14,31,38,-7,42,17,7,5,5,15,16,-1,26,17,4,4,9,16,22,-6,16,,,DW Stadium,Wigan
2008/09,36,27,Bolton Wanderers,12,35,11,6,18,40,51,-11,39,17,7,3,7,20,20,0,24,18,4,3,11,20,31,-11,15,,,Toughsheet Community Stadium,Bolton
2008/09,36,42,Stoke City,13,35,10,9,16,33,50,-17,39,18,9,5,4,20,15,5,32,17,1,4,12,13,35,-22,7,,,Britannia Stadium,Stoke
2008/09,36,37,Portsmouth,14,35,9,11,15,35,53,-18,38,18,7,3,8,23,28,-5,24,17,2,8,7,12,25,-13,14,,,Fratton Park,Portsmouth
2008/09,36,3,Blackburn Rovers,15,35,9,10,16,38,58,-20,37,17,5,6,6,20,23,-3,21,18,4,4,10,18,35,-17,16,,,Ewood Park,Blackburn
2008/09,36,29,Sunderland,16,35,9,8,18,31,48,-17,35,18,6,3,9,19,22,-3,21,17,3,5,9,12,26,-14,14,,,Stadium of Light,Sunderland
2008/09,36,41,Hull City,17,35,8,10,17,37,60,-23,34,17,3,5,9,17,33,-16,14,18,5,5,8,20,27,-7,20,,,KCOM Stadium,Hull
2008/09,36,23,Newcastle United,18,35,6,13,16,37,56,-19,31,17,4,7,6,21,27,-6,19,18,2,6,10,16,29,-13,12,R,EN_CH,St. James' Park,Newcastle
2008/09,36,13,Middlesbrough,19,35,7,10,18,25,51,-26,31,18,5,8,5,16,19,-3,23,17,2,2,13,9,32,-23,8,R,EN_CH,Riverside Stadium,Middlesbrough
2008/09,36,36,West Bromwich Albion,20,35,7,7,21,33,64,-31,28,17,6,3,8,23,30,-7,21,18,1,4,13,10,34,-24,7,R,EN_CH,The Hawthorns,West Bromwich
2008/09,37,12,Manchester United,1,36,27,5,4,67,24,43,86,18,16,1,1,43,13,30,49,18,11,4,3,24,11,13,37,Q,EU_CL,Old Trafford,Manchester
2008/09,37,10,Liverpool,2,36,23,11,2,72,26,46,80,18,11,7,0,38,12,26,40,18,12,4,2,34,14,20,40,Q,EU_CL,Anfield,Liverpool
2008/09,37,4,Chelsea,3,36,23,8,5,63,22,41,77,18,10,6,2,31,12,19,36,18,13,2,3,32,10,22,41,Q,EU_CL,Stamford Bridge,London
2008/09,37,1,Arsenal,4,36,19,11,6,64,36,28,68,18,10,5,3,27,15,12,35,18,9,6,3,37,21,16,33,Q,EU_CL,Emirates Stadium,London
2008/09,37,2,Aston Villa,5,36,16,10,10,52,47,5,58,18,6,9,3,26,21,5,27,18,10,1,7,26,26,0,31,Q,EU_UC,Villa Park,Birmingham
2008/09,37,7,Everton,6,36,15,12,9,50,36,14,57,18,7,6,5,28,19,9,27,18,8,6,4,22,17,5,30,Q,EU_UC,Goodison Park,Liverpool
2008/09,37,34,Fulham,7,36,13,11,12,38,32,6,50,18,11,3,4,28,14,14,36,18,2,8,8,10,18,-8,14,Q,EU_UC,Craven Cottage,London
2008/09,37,21,Tottenham Hotspur,8,36,13,9,14,42,41,1,48,18,9,5,4,19,9,10,32,18,4,4,10,23,32,-9,16,,,White Hart Lane,London
2008/09,37,25,West Ham United,9,36,13,9,14,39,41,-2,48,18,8,2,8,21,21,0,26,18,5,7,6,18,20,-2,22,,,Boleyn Ground,London
2008/09,37,11,Manchester City,10,36,14,5,17,56,48,8,47,18,12,0,6,39,18,21,36,18,2,5,11,17,30,-13,11,,,Etihad Stadium,Manchester
2008/09,37,39,Wigan Athletic,11,36,11,9,16,33,43,-10,42,18,7,5,6,16,18,-2,26,18,4,4,10,17,25,-8,16,,,DW Stadium,Wigan
2008/09,37,42,Stoke City,12,36,11,9,16,35,51,-16,42,18,9,5,4,20,15,5,32,18,2,4,12,15,36,-21,10,,,Britannia Stadium,Stoke
2008/09,37,27,Bolton Wanderers,13,36,11,7,18,40,51,-11,40,18,7,4,7,20,20,0,25,18,4,3,11,20,31,-11,15,,,Toughsheet Community Stadium,Bolton
2008/09,37,3,Blackburn Rovers,14,36,10,10,16,40,58,-18,40,18,6,6,6,22,23,-1,24,18,4,4,10,18,35,-17,16,,,Ewood Park,Blackburn
2008/09,37,37,Portsmouth,15,36,9,11,16,35,55,-20,38,18,7,3,8,23,28,-5,24,18,2,8,8,12,27,-15,14,,,Fratton Park,Portsmouth
2008/09,37,29,Sunderland,16,36,9,9,18,31,48,-17,36,18,6,3,9,19,22,-3,21,18,3,6,9,12,26,-14,15,,,Stadium of Light,Sunderland
2008/09,37,23,Newcastle United,17,36,7,13,16,40,57,-17,34,18,5,7,6,24,28,-4,22,18,2,6,10,16,29,-13,12,,,St. James' Park,Newcastle
2008/09,37,41,Hull City,18,36,8,10,18,38,62,-24,34,18,3,5,10,18,35,-17,14,18,5,5,8,20,27,-7,20,R,EN_CH,KCOM Stadium,Hull
2008/09,37,13,Middlesbrough,19,36,7,10,19,26,54,-28,31,18,5,8,5,16,19,-3,23,18,2,2,14,10,35,-25,8,R,EN_CH,Riverside Stadium,Middlesbrough
2008/09,37,36,West Bromwich Albion,20,36,8,7,21,36,65,-29,31,18,7,3,8,26,31,-5,24,18,1,4,13,10,34,-24,7,R,EN_CH,The Hawthorns,West Bromwich
2008/09,38,12,Manchester United,1,37,27,6,4,67,24,43,87,19,16,2,1,43,13,30,50,18,11,4,3,24,11,13,37,Q,EU_CL,Old Trafford,Manchester
2008/09,38,10,Liverpool,2,37,24,11,2,74,26,48,83,18,11,7,0,38,12,26,40,19,13,4,2,36,14,22,43,Q,EU_CL,Anfield,Liverpool
2008/09,38,4,Chelsea,3,37,24,8,5,65,22,43,80,19,11,6,2,33,12,21,39,18,13,2,3,32,10,22,41,Q,EU_CL,Stamford Bridge,London
2008/09,38,1,Arsenal,4,37,19,12,6,64,36,28,69,18,10,5,3,27,15,12,35,19,9,7,3,37,21,16,34,Q,EU_CL,Emirates Stadium,London
2008/09,38,7,Everton,5,37,16,12,9,53,37,16,60,19,8,6,5,31,20,11,30,18,8,6,4,22,17,5,30,Q,EU_UC,Goodison Park,Liverpool
2008/09,38,2,Aston Villa,6,37,16,11,10,53,48,5,59,18,6,9,3,26,21,5,27,19,10,2,7,27,27,0,32,Q,EU_UC,Villa Park,Birmingham
2008/09,38,34,Fulham,7,37,14,11,12,39,32,7,53,18,11,3,4,28,14,14,36,19,3,8,8,11,18,-7,17,Q,EU_UC,Craven Cottage,London
2008/09,38,21,Tottenham Hotspur,8,37,14,9,14,44,42,2,51,19,10,5,4,21,10,11,35,18,4,4,10,23,32,-9,16,,,White Hart Lane,London
2008/09,38,25,West Ham United,9,37,13,9,15,40,44,-4,48,18,8,2,8,21,21,0,26,19,5,7,7,19,23,-4,22,,,Boleyn Ground,London
2008/09,38,11,Manchester City,10,37,14,5,18,57,50,7,47,18,12,0,6,39,18,21,36,19,2,5,12,18,32,-14,11,,,Etihad Stadium,Manchester
2008/09,38,42,Stoke City,11,37,12,9,16,37,51,-14,45,19,10,5,4,22,15,7,35,18,2,4,12,15,36,-21,10,,,Britannia Stadium,Stoke
2008/09,38,39,Wigan Athletic,12,37,11,9,17,33,45,-12,42,18,7,5,6,16,18,-2,26,19,4,4,11,17,27,-10,16,,,DW Stadium,Wigan
2008/09,38,27,Bolton Wanderers,13,37,11,8,18,41,52,-11,41,19,7,5,7,21,21,0,26,18,4,3,11,20,31,-11,15,,,Toughsheet Community Stadium,Bolton
2008/09,38,37,Portsmouth,14,37,10,11,16,38,56,-18,41,19,8,3,8,26,29,-3,27,18,2,8,8,12,27,-15,14,,,Fratton Park,Portsmouth
2008/09,38,3,Blackburn Rovers,15,37,10,10,17,40,60,-20,40,18,6,6,6,22,23,-1,24,19,4,4,11,18,37,-19,16,,,Ewood Park,Blackburn
2008/09,38,29,Sunderland,16,37,9,9,19,32,51,-19,36,18,6,3,9,19,22,-3,21,19,3,6,10,13,29,-16,15,,,Stadium of Light,Sunderland
2008/09,38,41,Hull City,17,37,8,11,18,39,63,-24,35,18,3,5,10,18,35,-17,14,19,5,6,8,21,28,-7,21,,,KCOM Stadium,Hull
2008/09,38,23,Newcastle United,18,37,7,13,17,40,58,-18,34,19,5,7,7,24,29,-5,22,18,2,6,10,16,29,-13,12,R,EN_CH,St. James' Park,Newcastle
2008/09,38,13,Middlesbrough,19,37,7,11,19,27,55,-28,32,19,5,9,5,17,20,-3,24,18,2,2,14,10,35,-25,8,R,EN_CH,Riverside Stadium,Middlesbrough
2008/09,38,36,West Bromwich Albion,20,37,8,7,22,36,67,-31,31,19,7,3,9,26,33,-7,24,18,1,4,13,10,34,-24,7,R,EN_CH,The Hawthorns,West Bromwich
